recovery_horizon,scenario_id,scenario_name,time,GroupCount,mean_delta_risk,std_delta_risk,mean_volume_effect,std_volume_effect,mean_composition_effect,std_composition_effect,mean_volume_share_of_delta_risk,std_volume_share_of_delta_risk,mean_composition_share_of_delta_risk,std_composition_share_of_delta_risk
3,coordinated,Coordinated,0,100,0,0,0,0,0,0,NaN,NaN,NaN,NaN
3,coordinated,Coordinated,1,100,0,0,0,0,0,0,NaN,NaN,NaN,NaN
3,coordinated,Coordinated,2,100,0,0,0,0,0,0,NaN,NaN,NaN,NaN
3,coordinated,Coordinated,3,100,0,0,0,0,0,0,NaN,NaN,NaN,NaN
3,coordinated,Coordinated,4,100,0,0,0,0,0,0,NaN,NaN,NaN,NaN
3,coordinated,Coordinated,5,100,0,0,0,0,0,0,NaN,NaN,NaN,NaN
3,coordinated,Coordinated,6,100,-20.6394233848709,5.52408384021892,-20.9896927836224,4.10093093114909,0.350269398751477,4.23711726997634,1.05925873430644,0.235164356789915,-0.059258734306437,0.235164356789915
3,coordinated,Coordinated,7,100,-50.3563756080251,13.6444757501016,-51.5747338455614,10.3400990964757,1.21835823753628,10.5301990335258,1.07054031509784,0.240596020572966,-0.0705403150978404,0.240596020572966
3,coordinated,Coordinated,8,100,-67.4498851568042,16.307532859941,-67.9174397334436,12.3615466031535,0.467554576639393,12.1920848105699,1.04526276516011,0.229128683073438,-0.0452627651601111,0.229128683073438
3,coordinated,Coordinated,9,100,-75.6872686012308,17.3065920436558,-76.1353792504999,13.2319058725735,0.448110649269097,13.2523089626317,1.03948191778472,0.209192646071786,-0.039481917784719,0.209192646071786
3,coordinated,Coordinated,10,100,-80.6180441229571,16.832149960265,-81.7542789441876,13.394913089603,1.13623482123051,13.4945719459348,1.04148775973715,0.193227555496066,-0.0414877597371536,0.193227555496066
3,coordinated,Coordinated,11,100,-85.9396652544498,17.0133994163501,-87.2979938183198,13.7872352950592,1.35832856386994,13.4149730114032,1.03982125346261,0.180932700414421,-0.0398212534626083,0.180932700414421
3,coordinated,Coordinated,12,100,-90.8256091109208,17.3863525644353,-92.1655439874469,14.4997181050008,1.33993487652616,13.3835799118949,1.03648039919383,0.17337993487381,-0.0364803991938277,0.17337993487381
3,coordinated,Coordinated,13,100,-94.9699339422112,18.3954131654354,-96.318158085077,15.4153428357271,1.34822414286581,13.8659022316609,1.03643591087772,0.174867892281147,-0.036435910877717,0.174867892281147
3,coordinated,Coordinated,14,100,-97.4167246694852,19.0027748666128,-99.038131514013,16.2472490517047,1.62140684452788,14.0046232797587,1.03818190328663,0.17167069689896,-0.0381819032866327,0.17167069689896
3,coordinated,Coordinated,15,100,-99.4334802337585,19.496894468234,-101.219906567306,16.8636040280537,1.78642633354767,14.23995369537,1.03876884434971,0.168116239081863,-0.0387688443497076,0.168116239081863
3,coordinated,Coordinated,16,100,-101.305315382954,20.1225235433734,-102.934600312626,17.2708153892456,1.62928492967188,14.3197344561059,1.03676749860669,0.164991687038106,-0.036767498606692,0.164991687038106
3,coordinated,Coordinated,17,100,-102.696348701693,20.5246925715111,-104.271895514159,17.5698689384487,1.57554681246596,14.2372248934163,1.03597508527576,0.16320354716524,-0.0359750852757562,0.16320354716524
3,coordinated,Coordinated,18,100,-103.549245208341,20.7146931440447,-105.358754162813,17.7705429887888,1.80950895447237,14.1463739598745,1.03773498414245,0.161274375570086,-0.0377349841424494,0.161274375570086
3,coordinated,Coordinated,19,100,-104.405144394545,20.7310686082891,-106.24760637259,17.9578312050607,1.84246197804461,14.0393483953001,1.03716706333223,0.159133935494349,-0.0371670633322283,0.159133935494349
3,coordinated,Coordinated,20,100,-105.203092342473,20.7735418529001,-107.008910118925,17.9542543284206,1.80581777645217,14.2148719901544,1.03606262054068,0.156727315509907,-0.0360626205406807,0.156727315509908
3,delayed_coordination,Delayed Coordination,0,100,0,0,0,0,0,0,NaN,NaN,NaN,NaN
3,delayed_coordination,Delayed Coordination,1,100,0,0,0,0,0,0,NaN,NaN,NaN,NaN
3,delayed_coordination,Delayed Coordination,2,100,0,0,0,0,0,0,NaN,NaN,NaN,NaN
3,delayed_coordination,Delayed Coordination,3,100,0,0,0,0,0,0,NaN,NaN,NaN,NaN
3,delayed_coordination,Delayed Coordination,4,100,0,0,0,0,0,0,NaN,NaN,NaN,NaN
3,delayed_coordination,Delayed Coordination,5,100,0,0,0,0,0,0,NaN,NaN,NaN,NaN
3,delayed_coordination,Delayed Coordination,6,100,-19.5521655615756,4.94551414483729,-19.5334238637631,3.69374061232705,-0.0187416978124314,4.1126482300293,1.03978458050663,0.22864180171019,-0.0397845805066295,0.22864180171019
3,delayed_coordination,Delayed Coordination,7,100,-49.601233912857,12.6295475274245,-50.3786026154941,9.42459584984085,0.777368702637129,9.85372278055854,1.05350276398352,0.215023811792158,-0.0535027639835222,0.215023811792158
3,delayed_coordination,Delayed Coordination,8,100,-65.0066380891091,13.903595617415,-66.5247945160247,11.2601146856828,1.51815642691554,11.5394098248694,1.04919365258772,0.188094058332945,-0.0491936525877167,0.188094058332945
3,delayed_coordination,Delayed Coordination,9,100,-74.648949638986,16.3087843778445,-75.6087107319772,12.5420444106308,0.959761092991217,12.6870480654617,1.03819058946666,0.176988171707765,-0.038190589466664,0.176988171707765
3,delayed_coordination,Delayed Coordination,10,100,-80.8163931532212,17.060880109909,-81.7174909385904,13.4000929204046,0.901097785369207,12.7152862567604,1.03367638801435,0.166027027289406,-0.033676388014352,0.166027027289406
3,delayed_coordination,Delayed Coordination,11,100,-86.7275837574521,17.5151408380351,-87.4616537623335,14.1268115030904,0.734070004881439,12.8247788799413,1.02784134459784,0.154669304812298,-0.0278413445978444,0.154669304812298
3,delayed_coordination,Delayed Coordination,12,100,-94.2919881383038,18.0034958408447,-95.2526833227088,15.1003557415938,0.960695184405075,12.7625962105383,1.0269332048385,0.148583124072116,-0.0269332048385051,0.148583124072116
3,delayed_coordination,Delayed Coordination,13,100,-99.7540705340177,18.2653865013522,-100.820493474476,16.0428839688762,1.0664229404581,13.091959828673,1.02478451288399,0.141322801750853,-0.0247845128839929,0.141322801750852
3,delayed_coordination,Delayed Coordination,14,100,-103.225699418019,18.5325499194219,-104.36301057038,16.5231319349005,1.13731115236044,13.1491838104002,1.02431602287998,0.139422388997831,-0.0243160228799752,0.139422388997832
3,delayed_coordination,Delayed Coordination,15,100,-106.397176814338,18.9092393228646,-107.193697563028,16.902041913331,0.796520748689876,13.3759412552713,1.02030555427139,0.13745201491507,-0.020305554271386,0.13745201491507
3,delayed_coordination,Delayed Coordination,16,100,-108.270230136895,19.2002061640662,-109.337433717476,17.0069745723835,1.06720358058073,13.6530037469422,1.02298888863163,0.137851452845298,-0.0229888886316284,0.137851452845298
3,delayed_coordination,Delayed Coordination,17,100,-110.02686722839,19.5604073391111,-111.135478994657,17.3636164786323,1.108611766267,13.7939241912774,1.02312331118823,0.137796141382162,-0.0231233111882291,0.137796141382162
3,delayed_coordination,Delayed Coordination,18,100,-111.274273732503,19.9571244225078,-112.476816172972,17.7994568881268,1.20254244046949,14.0972604722225,1.02408787936923,0.140306786744097,-0.0240878793692342,0.140306786744097
3,delayed_coordination,Delayed Coordination,19,100,-112.568231588294,20.3648395540321,-113.689732365535,18.0784072561448,1.12150077724072,14.4796212716896,1.02363080974786,0.142474829568383,-0.0236308097478614,0.142474829568383
3,delayed_coordination,Delayed Coordination,20,100,-113.427100387297,20.6181067309732,-114.477824558879,18.339808722406,1.05072417158205,14.7867186853419,1.02318806020249,0.144478211277237,-0.0231880602024888,0.144478211277237
3,early_mover,Early Mover,0,100,0,0,0,0,0,0,NaN,NaN,NaN,NaN
3,early_mover,Early Mover,1,100,0,0,0,0,0,0,NaN,NaN,NaN,NaN
3,early_mover,Early Mover,2,100,0,0,0,0,0,0,NaN,NaN,NaN,NaN
3,early_mover,Early Mover,3,100,0,0,0,0,0,0,NaN,NaN,NaN,NaN
3,early_mover,Early Mover,4,100,0,0,0,0,0,0,NaN,NaN,NaN,NaN
3,early_mover,Early Mover,5,100,0,0,0,0,0,0,NaN,NaN,NaN,NaN
3,early_mover,Early Mover,6,100,-19.5521655615756,4.94551414483729,-19.5334238637631,3.69374061232705,-0.0187416978124314,4.1126482300293,1.03978458050663,0.22864180171019,-0.0397845805066295,0.22864180171019
3,early_mover,Early Mover,7,100,-49.601233912857,12.6295475274245,-50.3786026154941,9.42459584984085,0.777368702637129,9.85372278055854,1.05350276398352,0.215023811792158,-0.0535027639835222,0.215023811792158
3,early_mover,Early Mover,8,100,-65.0066380891091,13.903595617415,-66.5247945160247,11.2601146856828,1.51815642691554,11.5394098248694,1.04919365258772,0.188094058332945,-0.0491936525877167,0.188094058332945
3,early_mover,Early Mover,9,100,-74.648949638986,16.3087843778445,-75.6087107319772,12.5420444106308,0.959761092991217,12.6870480654617,1.03819058946666,0.176988171707765,-0.038190589466664,0.176988171707765
3,early_mover,Early Mover,10,100,-80.8163931532212,17.060880109909,-81.7174909385904,13.4000929204046,0.901097785369207,12.7152862567604,1.03367638801435,0.166027027289406,-0.033676388014352,0.166027027289406
3,early_mover,Early Mover,11,100,-86.7275837574521,17.5151408380351,-87.4616537623335,14.1268115030904,0.734070004881439,12.8247788799413,1.02784134459784,0.154669304812298,-0.0278413445978444,0.154669304812298
3,early_mover,Early Mover,12,100,-91.1335230991127,17.8730527459828,-92.1594634910045,14.7967025806819,1.02594039189184,12.8050673814669,1.02926433165193,0.153127691174601,-0.0292643316519273,0.153127691174601
3,early_mover,Early Mover,13,100,-94.306176503864,18.0993443093832,-95.9281770109376,15.2249572451048,1.62200050707364,13.2550958302151,1.03513421440714,0.156475698586295,-0.03513421440714,0.156475698586295
3,early_mover,Early Mover,14,100,-96.7110759855069,18.4127617643705,-98.5664034788598,15.6015592660064,1.85532749335298,13.6302867701934,1.03738694685786,0.160134026066512,-0.0373869468578597,0.160134026066512
3,early_mover,Early Mover,15,100,-98.9240693820963,18.5689949038256,-100.921963549338,15.8965975361143,1.99789416724219,13.9623805837627,1.03848192785069,0.162558898197043,-0.0384819278506906,0.162558898197043
3,early_mover,Early Mover,16,100,-100.749943995458,18.8378640172116,-102.632902445555,16.0176771082015,1.88295845009746,14.3095466486544,1.03730811756163,0.163900418186798,-0.0373081175616279,0.163900418186798
3,early_mover,Early Mover,17,100,-102.043453067595,18.7185187259708,-103.927333336948,16.1231142667432,1.88388026935257,13.9826305517909,1.03563988748074,0.157540252580791,-0.0356398874807385,0.157540252580791
3,early_mover,Early Mover,18,100,-103.178559134983,18.8930095295749,-105.086394830263,16.3240585592621,1.90783569528006,14.1159032409429,1.03541821687808,0.156151837513607,-0.0354182168780784,0.156151837513607
3,early_mover,Early Mover,19,100,-104.007422271248,19.1166528615911,-106.088110588249,16.5864579642622,2.08068831700043,14.347215297267,1.03717604280019,0.157694872627323,-0.037176042800193,0.157694872627323
3,early_mover,Early Mover,20,100,-104.707109870993,19.2997276669313,-106.764169632553,16.652155201502,2.05705976155999,14.6134078669519,1.0374031591424,0.160319494097849,-0.0374031591424037,0.160319494097849
3,sequential,Sequential,0,100,0,0,0,0,0,0,NaN,NaN,NaN,NaN
3,sequential,Sequential,1,100,0,0,0,0,0,0,NaN,NaN,NaN,NaN
3,sequential,Sequential,2,100,0,0,0,0,0,0,NaN,NaN,NaN,NaN
3,sequential,Sequential,3,100,0,0,0,0,0,0,NaN,NaN,NaN,NaN
3,sequential,Sequential,4,100,0,0,0,0,0,0,NaN,NaN,NaN,NaN
3,sequential,Sequential,5,100,0,0,0,0,0,0,NaN,NaN,NaN,NaN
3,sequential,Sequential,6,100,-19.5521655615756,4.94551414483729,-19.5334238637631,3.69374061232705,-0.0187416978124314,4.1126482300293,1.03978458050663,0.22864180171019,-0.0397845805066295,0.22864180171019
3,sequential,Sequential,7,100,-49.601233912857,12.6295475274245,-50.3786026154941,9.42459584984085,0.777368702637129,9.85372278055854,1.05350276398352,0.215023811792158,-0.0535027639835222,0.215023811792158
3,sequential,Sequential,8,100,-65.0066380891091,13.903595617415,-66.5247945160247,11.2601146856828,1.51815642691554,11.5394098248694,1.04919365258772,0.188094058332945,-0.0491936525877167,0.188094058332945
3,sequential,Sequential,9,100,-74.648949638986,16.3087843778445,-75.6087107319772,12.5420444106308,0.959761092991217,12.6870480654617,1.03819058946666,0.176988171707765,-0.038190589466664,0.176988171707765
3,sequential,Sequential,10,100,-80.9747117789523,17.1155554199858,-82.0907225509943,13.5669350266788,1.11601077204204,12.9300616021975,1.03584598864317,0.165384618327647,-0.0358459886431723,0.165384618327647
3,sequential,Sequential,11,100,-86.9716790625927,17.5762641265539,-88.1269004546865,14.2472000860514,1.15522139209388,13.4225042509068,1.03202964461915,0.154923066592551,-0.0320296446191474,0.154923066592551
3,sequential,Sequential,12,100,-91.5254053128299,18.0805299027641,-92.7550406730481,15.1036701865351,1.22963536021825,13.3307720469503,1.03041545530359,0.149747326952835,-0.030415455303588,0.149747326952835
3,sequential,Sequential,13,100,-95.0607958120388,18.8889665103747,-96.470332775575,15.7866851075639,1.40953696353619,13.6082619912296,1.03199441798471,0.151143727511064,-0.0319944179847146,0.151143727511064
3,sequential,Sequential,14,100,-100.260685153881,19.7978768992698,-101.853673633043,16.6875329755969,1.59298847916169,13.5732890690379,1.03249176331137,0.146828209693172,-0.0324917633113734,0.146828209693172
3,sequential,Sequential,15,100,-103.885851040125,20.6206151643483,-105.629204391498,17.1891765690819,1.7433533513725,13.8252965493496,1.03357552160357,0.144319125074802,-0.0335755216035656,0.144319125074802
3,sequential,Sequential,16,100,-106.519606321332,20.9725290481403,-108.260995319809,17.4746820438056,1.74138899847722,13.9057950372718,1.03286104298656,0.141513732274817,-0.0328610429865617,0.141513732274817
3,sequential,Sequential,17,100,-108.680249330038,21.4999396176104,-110.084989369658,17.6465928155851,1.40474003962059,14.0082195721252,1.02922373453935,0.136455308880487,-0.0292237345393522,0.136455308880487
3,sequential,Sequential,18,100,-110.062210768682,21.9577868455162,-111.433969601762,17.8827002542158,1.37175883307988,14.3532186620215,1.02935816391812,0.13816555888553,-0.029358163918119,0.13816555888553
3,sequential,Sequential,19,100,-111.20740832159,22.2509703494367,-112.520769736499,18.0084983347968,1.31336141490951,14.6871608842477,1.02895671348054,0.13908393277278,-0.0289567134805373,0.13908393277278
3,sequential,Sequential,20,100,-111.945314483559,22.3619044294242,-113.353754198412,18.1614306337107,1.40843971485282,14.9577140233033,1.02985598557139,0.140741846976632,-0.029855985571387,0.140741846976632
5,coordinated,Coordinated,0,100,0,0,0,0,0,0,NaN,NaN,NaN,NaN
5,coordinated,Coordinated,1,100,0,0,0,0,0,0,NaN,NaN,NaN,NaN
5,coordinated,Coordinated,2,100,0,0,0,0,0,0,NaN,NaN,NaN,NaN
5,coordinated,Coordinated,3,100,0,0,0,0,0,0,NaN,NaN,NaN,NaN
5,coordinated,Coordinated,4,100,0,0,0,0,0,0,NaN,NaN,NaN,NaN
5,coordinated,Coordinated,5,100,0,0,0,0,0,0,NaN,NaN,NaN,NaN
5,coordinated,Coordinated,6,100,-21.2360477011106,5.7946136847146,-21.0595952494768,4.00265137055741,-0.17645245163377,4.47855307796792,1.04048829205353,0.250932009291248,-0.0404882920535275,0.250932009291247
5,coordinated,Coordinated,7,100,-51.7587341958073,14.2892545896842,-52.3161218772306,10.4829538145179,0.557387681423274,9.98516177649431,1.05270046596225,0.221606705683649,-0.052700465962251,0.221606705683649
5,coordinated,Coordinated,8,100,-69.9067434012272,17.406326051874,-70.9408547916004,12.964820831533,1.03411139037329,12.3230548944558,1.04926629942575,0.197703715317933,-0.0492662994257469,0.197703715317933
5,coordinated,Coordinated,9,100,-80.271040134668,17.2988528507863,-81.2144299581373,13.3098549729237,0.943389823469313,13.1096631564934,1.0418629240231,0.194989619305557,-0.0418629240231014,0.194989619305557
5,coordinated,Coordinated,10,100,-85.6862862470903,18.2884882617802,-87.0182035786108,13.8885579725713,1.33191733152045,14.0873420521845,1.04758502389686,0.204589295493269,-0.0475850238968575,0.204589295493269
5,coordinated,Coordinated,11,100,-90.3430642357746,18.9397370300999,-91.8819920545918,14.1972803883456,1.5389278188172,14.8635953387716,1.04864214036743,0.207573020946393,-0.0486421403674271,0.207573020946393
5,coordinated,Coordinated,12,100,-94.3293742929001,18.9694827451763,-96.1831051303678,14.2768976139198,1.85373083746771,14.8544721998168,1.04708556691621,0.189897122906464,-0.047085566916208,0.189897122906464
5,coordinated,Coordinated,13,100,-97.5975226403465,18.989951865267,-99.8258392192344,14.4650547155944,2.22831657888792,14.8250604639834,1.04928851085416,0.188443899398471,-0.0492885108541623,0.188443899398471
5,coordinated,Coordinated,14,100,-100.435510532198,19.5731065286115,-102.760788623025,14.8251104770716,2.3252780908276,14.9783080617031,1.04892346939518,0.182857863960865,-0.0489234693951844,0.182857863960865
5,coordinated,Coordinated,15,100,-103.056594172469,20.2592223528834,-105.017618992153,15.2051347952374,1.96102481968412,15.3237054573928,1.04491857097725,0.182291190158974,-0.0449185709772539,0.182291190158974
5,coordinated,Coordinated,16,100,-104.589661012439,20.7340532176718,-106.56540602594,15.4977270654681,1.97574501350063,15.7148923866562,1.04498459534114,0.181376808220916,-0.0449845953411392,0.181376808220916
5,coordinated,Coordinated,17,100,-105.820984916348,20.9537492182028,-107.753302513772,15.6400657344273,1.93231759742404,15.7956634046949,1.04454420939672,0.183089506213537,-0.0445442093967158,0.183089506213537
5,coordinated,Coordinated,18,100,-107.038046188715,21.1443189355962,-108.779409940197,15.8248995538013,1.74136375148236,15.9219932502867,1.0421560265649,0.182291704355822,-0.0421560265648998,0.182291704355822
5,coordinated,Coordinated,19,100,-107.81763586608,21.2682457203765,-109.5186745382,16.0102923671738,1.70103867211972,15.8966580044637,1.04147378991772,0.181817508913904,-0.0414737899177154,0.181817508913904
5,coordinated,Coordinated,20,100,-108.307452495433,21.4131342964912,-110.056134200743,16.2565404622614,1.7486817053095,16.1043093362477,1.04180822741117,0.182994792039987,-0.0418082274111649,0.182994792039987
5,delayed_coordination,Delayed Coordination,0,100,0,0,0,0,0,0,NaN,NaN,NaN,NaN
5,delayed_coordination,Delayed Coordination,1,100,0,0,0,0,0,0,NaN,NaN,NaN,NaN
5,delayed_coordination,Delayed Coordination,2,100,0,0,0,0,0,0,NaN,NaN,NaN,NaN
5,delayed_coordination,Delayed Coordination,3,100,0,0,0,0,0,0,NaN,NaN,NaN,NaN
5,delayed_coordination,Delayed Coordination,4,100,0,0,0,0,0,0,NaN,NaN,NaN,NaN
5,delayed_coordination,Delayed Coordination,5,100,0,0,0,0,0,0,NaN,NaN,NaN,NaN
5,delayed_coordination,Delayed Coordination,6,100,-19.6181560773949,5.01879688739236,-19.7716256801637,3.75491744991318,0.153469602768775,3.80158752239795,1.05314703731689,0.262437765125587,-0.053147037316885,0.262437765125586
5,delayed_coordination,Delayed Coordination,7,100,-50.2847009028912,12.7804545975013,-51.1273961205569,9.58932628026232,0.842695217665769,9.60411425637343,1.04937605650269,0.196592197268791,-0.0493760565026918,0.196592197268791
5,delayed_coordination,Delayed Coordination,8,100,-68.1895378004174,14.3609105094987,-68.9503844096903,11.6719789188358,0.76084660927288,10.8486381640517,1.03256558306058,0.165220454945644,-0.0325655830605797,0.165220454945644
5,delayed_coordination,Delayed Coordination,9,100,-78.6734669183608,15.52192416472,-78.6767821680787,12.4823808915994,0.00331524971795677,11.8136455125728,1.02060745114894,0.163192838959185,-0.0206074511489436,0.163192838959185
5,delayed_coordination,Delayed Coordination,10,100,-84.4483474539436,16.3952008811748,-84.697618968641,13.2449929891678,0.249271514697455,12.6271048787365,1.02464641416836,0.170546724685044,-0.0246464141683636,0.170546724685044
5,delayed_coordination,Delayed Coordination,11,100,-89.2587074461701,17.6096976078819,-89.5787511648898,13.5356750366028,0.320043718719673,13.3860667735135,1.02869108482152,0.183768321815863,-0.0286910848215152,0.183768321815863
5,delayed_coordination,Delayed Coordination,12,100,-96.1246284541938,18.5802775699887,-97.328122248762,14.3603159512205,1.20349379456824,13.5979989236068,1.03687634562365,0.181204029717588,-0.0368763456236502,0.181204029717588
5,delayed_coordination,Delayed Coordination,13,100,-101.742294274791,19.0799589504075,-103.452386803501,15.040797097001,1.71009252871066,13.8677386337302,1.03869991760928,0.16952694030754,-0.0386999176092751,0.16952694030754
5,delayed_coordination,Delayed Coordination,14,100,-105.793041774884,19.6264364640953,-107.439861430877,15.6315380100308,1.64681965599299,14.3430032358738,1.03705565984454,0.169956614989828,-0.0370556598445419,0.169956614989828
5,delayed_coordination,Delayed Coordination,15,100,-109.369611687274,20.4754016215782,-110.684677749325,16.1543890488205,1.31506606205032,14.6834264235028,1.03419768845351,0.171590330881821,-0.0341976884535116,0.171590330881821
5,delayed_coordination,Delayed Coordination,16,100,-111.532732949431,20.9350715057947,-112.624219401664,16.5494214898028,1.09148645223262,14.8543594153506,1.03196540253092,0.171541344231646,-0.0319654025309154,0.171541344231646
5,delayed_coordination,Delayed Coordination,17,100,-112.918574494667,21.3021719127553,-114.110925065777,16.9424717831046,1.19235057110979,15.3189320006424,1.03347372989212,0.175890899986437,-0.0334737298921206,0.175890899986437
5,delayed_coordination,Delayed Coordination,18,100,-114.126370511406,21.8167474439307,-115.233002908822,17.224139111461,1.10663239741611,15.6748959289877,1.03341299854429,0.178918301923282,-0.0334129985442863,0.178918301923282
5,delayed_coordination,Delayed Coordination,19,100,-114.896608512073,21.909401154282,-116.051488503024,17.3533339577269,1.15487999095137,15.7260887787851,1.03369867799101,0.179416284144412,-0.0336986779910072,0.179416284144412
5,delayed_coordination,Delayed Coordination,20,100,-115.567313419501,22.0148097713491,-116.630665589811,17.542180878554,1.06335217030996,15.8413267149935,1.032728959847,0.179398125976664,-0.0327289598470029,0.179398125976664
5,early_mover,Early Mover,0,100,0,0,0,0,0,0,NaN,NaN,NaN,NaN
5,early_mover,Early Mover,1,100,0,0,0,0,0,0,NaN,NaN,NaN,NaN
5,early_mover,Early Mover,2,100,0,0,0,0,0,0,NaN,NaN,NaN,NaN
5,early_mover,Early Mover,3,100,0,0,0,0,0,0,NaN,NaN,NaN,NaN
5,early_mover,Early Mover,4,100,0,0,0,0,0,0,NaN,NaN,NaN,NaN
5,early_mover,Early Mover,5,100,0,0,0,0,0,0,NaN,NaN,NaN,NaN
5,early_mover,Early Mover,6,100,-19.6181560773949,5.01879688739236,-19.7716256801637,3.75491744991318,0.153469602768775,3.80158752239795,1.05314703731689,0.262437765125587,-0.053147037316885,0.262437765125586
5,early_mover,Early Mover,7,100,-50.2847009028912,12.7804545975013,-51.1273961205569,9.58932628026232,0.842695217665769,9.60411425637343,1.04937605650269,0.196592197268791,-0.0493760565026918,0.196592197268791
5,early_mover,Early Mover,8,100,-68.1895378004174,14.3609105094987,-68.9503844096903,11.6719789188358,0.76084660927288,10.8486381640517,1.03256558306058,0.165220454945644,-0.0325655830605797,0.165220454945644
5,early_mover,Early Mover,9,100,-78.6734669183608,15.52192416472,-78.6767821680787,12.4823808915994,0.00331524971795677,11.8136455125728,1.02060745114894,0.163192838959185,-0.0206074511489436,0.163192838959185
5,early_mover,Early Mover,10,100,-84.4483474539436,16.3952008811748,-84.697618968641,13.2449929891678,0.249271514697455,12.6271048787365,1.02464641416836,0.170546724685044,-0.0246464141683636,0.170546724685044
5,early_mover,Early Mover,11,100,-89.2587074461701,17.6096976078819,-89.5787511648898,13.5356750366028,0.320043718719673,13.3860667735135,1.02869108482152,0.183768321815863,-0.0286910848215152,0.183768321815863
5,early_mover,Early Mover,12,100,-92.9190851682347,18.0293060533248,-94.052042350823,13.7616397826309,1.13295718258834,13.4383715112649,1.03740376552888,0.184723009872703,-0.0374037655288814,0.184723009872703
5,early_mover,Early Mover,13,100,-96.1301145112711,18.4199748505022,-97.6446235059242,13.9076502813947,1.51450899465307,13.6474323970184,1.04048637780343,0.180580406996407,-0.0404863778034332,0.180580406996407
5,early_mover,Early Mover,14,100,-98.844355808457,18.674181295273,-100.599700868322,14.1495427325134,1.75534505986458,13.8299888237373,1.04202601333457,0.17836097507227,-0.0420260133345722,0.17836097507227
5,early_mover,Early Mover,15,100,-101.096928254457,18.7171266355536,-102.776467909783,14.3146568450903,1.67953965532545,13.944010270474,1.03997691912021,0.176094086333672,-0.0399769191202094,0.176094086333672
5,early_mover,Early Mover,16,100,-102.686698978037,19.0619353386965,-104.370620113505,14.5539738388534,1.68392113546834,14.1398580307782,1.03979139821879,0.175579530726908,-0.0397913982187903,0.175579530726908
5,early_mover,Early Mover,17,100,-104.117447689709,19.5672789579126,-105.605008410626,14.8251245938535,1.48756072091735,14.3266034696064,1.03834293558816,0.177366159418307,-0.0383429355881597,0.177366159418307
5,early_mover,Early Mover,18,100,-104.915025010748,19.8542469584619,-106.563029141704,14.9899430199153,1.64800413095624,14.6867740199904,1.04070864420234,0.181780031555658,-0.0407086442023419,0.181780031555658
5,early_mover,Early Mover,19,100,-105.47533591295,20.1084446091195,-107.221049581942,15.0817401189535,1.74571366899156,14.8957395876167,1.04229369414143,0.184532060571247,-0.0422936941414273,0.184532060571247
5,early_mover,Early Mover,20,100,-106.070414975844,20.3194791409483,-107.79142058505,15.1388941610959,1.72100560920615,14.9286777750372,1.04229966173427,0.185278115435437,-0.0422996617342722,0.185278115435437
5,sequential,Sequential,0,100,0,0,0,0,0,0,NaN,NaN,NaN,NaN
5,sequential,Sequential,1,100,0,0,0,0,0,0,NaN,NaN,NaN,NaN
5,sequential,Sequential,2,100,0,0,0,0,0,0,NaN,NaN,NaN,NaN
5,sequential,Sequential,3,100,0,0,0,0,0,0,NaN,NaN,NaN,NaN
5,sequential,Sequential,4,100,0,0,0,0,0,0,NaN,NaN,NaN,NaN
5,sequential,Sequential,5,100,0,0,0,0,0,0,NaN,NaN,NaN,NaN
5,sequential,Sequential,6,100,-19.6181560773949,5.01879688739236,-19.7716256801637,3.75491744991318,0.153469602768775,3.80158752239795,1.05314703731689,0.262437765125587,-0.053147037316885,0.262437765125586
5,sequential,Sequential,7,100,-50.2847009028912,12.7804545975013,-51.1273961205569,9.58932628026232,0.842695217665769,9.60411425637343,1.04937605650269,0.196592197268791,-0.0493760565026918,0.196592197268791
5,sequential,Sequential,8,100,-68.1895378004174,14.3609105094987,-68.9503844096903,11.6719789188358,0.76084660927288,10.8486381640517,1.03256558306058,0.165220454945644,-0.0325655830605797,0.165220454945644
5,sequential,Sequential,9,100,-78.6734669183608,15.52192416472,-78.6767821680787,12.4823808915994,0.00331524971795677,11.8136455125728,1.02060745114894,0.163192838959185,-0.0206074511489436,0.163192838959185
5,sequential,Sequential,10,100,-84.8074299245066,16.3010045648944,-85.170093917606,13.3801147062289,0.3626639930994,12.5008264418878,1.02510289902306,0.16857462092667,-0.0251028990230563,0.16857462092667
5,sequential,Sequential,11,100,-89.7337147200339,17.3471913890873,-90.6029037614516,14.0262093650301,0.869189041417657,13.4290036526463,1.03232801447862,0.176876348551078,-0.0323280144786191,0.176876348551078
5,sequential,Sequential,12,100,-94.2154248280264,17.9273479753163,-95.3312870923778,14.4565672964695,1.1158622643514,13.7468172965858,1.0343278074641,0.176383707169902,-0.0343278074640966,0.176383707169902
5,sequential,Sequential,13,100,-97.5429603710785,18.2067633560579,-98.9440179003424,14.69117606997,1.40105752926393,14.013077650001,1.03650409136201,0.176009815331245,-0.0365040913620077,0.176009815331245
5,sequential,Sequential,14,100,-102.567204477904,18.713291013662,-104.258969734606,15.1617419999996,1.69176525670175,14.6322829199679,1.03778988214979,0.172736690617781,-0.0377898821497907,0.172736690617781
5,sequential,Sequential,15,100,-106.78817208004,19.5410948353278,-108.240700864827,15.629647711095,1.45252878478714,15.1684830381696,1.03539797261912,0.174933380485842,-0.0353979726191244,0.174933380485842
5,sequential,Sequential,16,100,-109.580043434307,19.7701929868722,-110.847020907259,15.8967379213069,1.26697747295187,14.9603504777539,1.03239178950488,0.171029490127416,-0.0323917895048836,0.171029490127416
5,sequential,Sequential,17,100,-111.896885977238,20.173240818648,-113.068452022802,16.0585148954073,1.17156604556375,15.185020116965,1.03202428417257,0.173613302886713,-0.0320242841725728,0.173613302886713
5,sequential,Sequential,18,100,-113.034541449874,20.5371504750905,-114.287714062118,16.3079454430895,1.25317261224368,15.2245649124298,1.032947633835,0.175317246059692,-0.0329476338350015,0.175317246059692
5,sequential,Sequential,19,100,-113.826012904772,20.6862549345544,-115.201640723156,16.5300476701097,1.37562781838389,15.1913226916889,1.03369728289403,0.175236806272013,-0.0336972828940335,0.175236806272013
5,sequential,Sequential,20,100,-114.624290471025,20.7888667363198,-115.910738121478,16.6197288468139,1.28644765045276,15.1592580012476,1.03258044519015,0.174291361511453,-0.0325804451901472,0.174291361511453
7,coordinated,Coordinated,0,100,0,0,0,0,0,0,NaN,NaN,NaN,NaN
7,coordinated,Coordinated,1,100,0,0,0,0,0,0,NaN,NaN,NaN,NaN
7,coordinated,Coordinated,2,100,0,0,0,0,0,0,NaN,NaN,NaN,NaN
7,coordinated,Coordinated,3,100,0,0,0,0,0,0,NaN,NaN,NaN,NaN
7,coordinated,Coordinated,4,100,0,0,0,0,0,0,NaN,NaN,NaN,NaN
7,coordinated,Coordinated,5,100,0,0,0,0,0,0,NaN,NaN,NaN,NaN
7,coordinated,Coordinated,6,100,-21.1271908328998,5.66794218118369,-20.8177889864067,3.7469017222944,-0.3094018464931,4.23061805370534,1.0318100037597,0.232343366816478,-0.0318100037596978,0.232343366816478
7,coordinated,Coordinated,7,100,-52.1711142870672,14.2318455728093,-52.6192135188425,9.67341548023666,0.448099231775244,10.1739891961776,1.05412466898977,0.230303398424525,-0.0541246689897701,0.230303398424525
7,coordinated,Coordinated,8,100,-71.6075366248096,17.6305117096738,-72.2075247513033,12.6350374101412,0.599988126493678,13.0004504663785,1.04583686670993,0.223293665090089,-0.0458368667099271,0.223293665090089
7,coordinated,Coordinated,9,100,-82.1457515064898,17.3927438561223,-82.6662000265975,13.6029753430918,0.520448520107739,14.4102594007441,1.03774068595971,0.22290613486064,-0.0377406859597123,0.22290613486064
7,coordinated,Coordinated,10,100,-88.2938489324594,18.3570122124492,-88.9072207655671,14.8687772079177,0.61337183310777,15.2134404225567,1.03531700793844,0.214056920419814,-0.0353170079384394,0.214056920419814
7,coordinated,Coordinated,11,100,-93.2556841112499,18.4754158312272,-94.1252033961659,15.8424656230075,0.869519284915948,15.408453932119,1.03253466844738,0.194965947079882,-0.0325346684473828,0.194965947079882
7,coordinated,Coordinated,12,100,-96.9920337878289,19.1549977475054,-97.9582497064368,16.5203583557004,0.966215918607833,15.9246730580986,1.03297690944515,0.192609885995532,-0.0329769094451541,0.192609885995532
7,coordinated,Coordinated,13,100,-100.06455028381,19.7737160815268,-101.089215671274,16.9699976995069,1.02466538746454,16.2530092439842,1.03319573209685,0.190301941467567,-0.0331957320968487,0.190301941467567
7,coordinated,Coordinated,14,100,-102.63029147109,20.1460810858233,-103.76000033315,17.3987887965544,1.12970886205951,16.1756288179512,1.03207369041095,0.181465053447879,-0.0320736904109494,0.181465053447879
7,coordinated,Coordinated,15,100,-104.796050831489,20.6021005530344,-105.725971386856,17.5964232936109,0.929920555367048,16.1229267057604,1.02966288644695,0.177466800188514,-0.029662886446946,0.177466800188514
7,coordinated,Coordinated,16,100,-106.221169471421,20.66626917916,-107.273716454863,17.692725119149,1.05254698344131,16.187751146638,1.03008804284712,0.175194540600029,-0.0300880428471228,0.175194540600029
7,coordinated,Coordinated,17,100,-107.524878766336,20.8590344303335,-108.667920687081,17.7800739146392,1.14304192074542,16.2951556736167,1.03073216622919,0.174904186141469,-0.0307321662291865,0.174904186141469
7,coordinated,Coordinated,18,100,-108.541252295737,21.1519388501249,-109.68741846321,17.8874717468153,1.14616616747345,16.4096364065022,1.0309990008564,0.175249970812772,-0.0309990008563999,0.175249970812772
7,coordinated,Coordinated,19,100,-109.135212915103,21.356888774039,-110.468100774688,18.054140492748,1.33288785958521,16.6114762525745,1.03304595983317,0.178063624463982,-0.0330459598331723,0.178063624463982
7,coordinated,Coordinated,20,100,-109.644385603037,21.5331723508989,-111.113528246698,18.3007175437315,1.46914264366114,16.6925982164718,1.03397884692025,0.178243702749664,-0.0339788469202522,0.178243702749664
7,delayed_coordination,Delayed Coordination,0,100,0,0,0,0,0,0,NaN,NaN,NaN,NaN
7,delayed_coordination,Delayed Coordination,1,100,0,0,0,0,0,0,NaN,NaN,NaN,NaN
7,delayed_coordination,Delayed Coordination,2,100,0,0,0,0,0,0,NaN,NaN,NaN,NaN
7,delayed_coordination,Delayed Coordination,3,100,0,0,0,0,0,0,NaN,NaN,NaN,NaN
7,delayed_coordination,Delayed Coordination,4,100,0,0,0,0,0,0,NaN,NaN,NaN,NaN
7,delayed_coordination,Delayed Coordination,5,100,0,0,0,0,0,0,NaN,NaN,NaN,NaN
7,delayed_coordination,Delayed Coordination,6,100,-19.3468587296016,4.76671322373308,-19.6061180510993,3.37392603213979,0.259259321497703,3.79988034555971,1.05625591310031,0.24009695621573,-0.0562559131003059,0.24009695621573
7,delayed_coordination,Delayed Coordination,7,100,-49.9520944587909,12.4934655550823,-51.506338590988,9.33731517505101,1.55424413219713,9.2736329192607,1.06284144886463,0.187942524154621,-0.0628414488646342,0.187942524154621
7,delayed_coordination,Delayed Coordination,8,100,-67.5095025438148,13.37915977547,-69.4360881875147,11.3199292799341,1.92658564369988,10.6932336705048,1.04873044335289,0.167534538197199,-0.048730443352893,0.167534538197199
7,delayed_coordination,Delayed Coordination,9,100,-78.5074277476354,14.1305068894083,-79.9095399327056,12.0226319876144,1.40211218507016,11.6181250826426,1.034993721554,0.157903062711822,-0.0349937215539961,0.157903062711822
7,delayed_coordination,Delayed Coordination,10,100,-85.8936734751713,15.0518347667169,-86.8794575350646,12.1862143381705,0.985784059893283,12.3002237257177,1.02879426220095,0.153769921483959,-0.0287942622009454,0.153769921483959
7,delayed_coordination,Delayed Coordination,11,100,-91.2383390963691,15.6383518802098,-92.6539232442038,12.6074620540456,1.41558414783466,12.7064778326445,1.03254518704357,0.150998057377144,-0.0325451870435738,0.150998057377144
7,delayed_coordination,Delayed Coordination,12,100,-98.075412805665,16.6567571872168,-99.9484996122514,13.5831188853444,1.87308680658639,13.3506725470309,1.03490041198105,0.144925744389195,-0.0349004119810511,0.144925744389195
7,delayed_coordination,Delayed Coordination,13,100,-103.338000611517,17.0384008963815,-105.303930540971,14.2821491970178,1.96592992945392,13.2281305946794,1.03310384306687,0.137668995727813,-0.0331038430668667,0.137668995727813
7,delayed_coordination,Delayed Coordination,14,100,-107.515222690402,17.6021224460996,-109.342325978139,14.8662221258844,1.82710328773737,13.5355759312259,1.03055474884233,0.135329613322847,-0.0305547488423336,0.135329613322847
7,delayed_coordination,Delayed Coordination,15,100,-110.782981332337,17.9541569676595,-112.417222493652,15.1938893773417,1.63424116131506,13.6442039704717,1.02784410782654,0.132108532525231,-0.0278441078265431,0.132108532525231
7,delayed_coordination,Delayed Coordination,16,100,-112.949371457265,18.2494132409599,-114.682310930496,15.3913034265995,1.73293947323129,13.8534575676106,1.02844807584413,0.131320974367349,-0.0284480758441286,0.131320974367349
7,delayed_coordination,Delayed Coordination,17,100,-114.464197896313,18.5895730094195,-116.075745991076,15.6218754782338,1.61154809476253,14.1148543100842,1.02741596206525,0.132246807559173,-0.0274159620652489,0.132246807559173
7,delayed_coordination,Delayed Coordination,18,100,-115.373961521384,18.9564682938682,-117.054953795179,15.81399805415,1.68099227379572,14.3494939915136,1.02834902570672,0.13390388582583,-0.0283490257067185,0.13390388582583
7,delayed_coordination,Delayed Coordination,19,100,-115.967155730006,19.1558218831907,-117.823632977161,15.940373607955,1.85647724715521,14.4471052777242,1.02999673122124,0.133949788694809,-0.0299967312212352,0.133949788694809
7,delayed_coordination,Delayed Coordination,20,100,-116.492955881994,19.4155242158656,-118.41305116043,16.1380760963418,1.92009527843595,14.6391196649008,1.0308879223437,0.136657171722229,-0.0308879223437041,0.136657171722229
7,early_mover,Early Mover,0,100,0,0,0,0,0,0,NaN,NaN,NaN,NaN
7,early_mover,Early Mover,1,100,0,0,0,0,0,0,NaN,NaN,NaN,NaN
7,early_mover,Early Mover,2,100,0,0,0,0,0,0,NaN,NaN,NaN,NaN
7,early_mover,Early Mover,3,100,0,0,0,0,0,0,NaN,NaN,NaN,NaN
7,early_mover,Early Mover,4,100,0,0,0,0,0,0,NaN,NaN,NaN,NaN
7,early_mover,Early Mover,5,100,0,0,0,0,0,0,NaN,NaN,NaN,NaN
7,early_mover,Early Mover,6,100,-19.3468587296016,4.76671322373308,-19.6061180510993,3.37392603213979,0.259259321497703,3.79988034555971,1.05625591310031,0.24009695621573,-0.0562559131003059,0.24009695621573
7,early_mover,Early Mover,7,100,-49.9520944587909,12.4934655550823,-51.506338590988,9.33731517505101,1.55424413219713,9.2736329192607,1.06284144886463,0.187942524154621,-0.0628414488646342,0.187942524154621
7,early_mover,Early Mover,8,100,-67.5095025438148,13.37915977547,-69.4360881875147,11.3199292799341,1.92658564369988,10.6932336705048,1.04873044335289,0.167534538197199,-0.048730443352893,0.167534538197199
7,early_mover,Early Mover,9,100,-78.5074277476354,14.1305068894083,-79.9095399327056,12.0226319876144,1.40211218507016,11.6181250826426,1.034993721554,0.157903062711822,-0.0349937215539961,0.157903062711822
7,early_mover,Early Mover,10,100,-85.8936734751713,15.0518347667169,-86.8794575350646,12.1862143381705,0.985784059893283,12.3002237257177,1.02879426220095,0.153769921483959,-0.0287942622009454,0.153769921483959
7,early_mover,Early Mover,11,100,-91.2383390963691,15.6383518802098,-92.6539232442038,12.6074620540456,1.41558414783466,12.7064778326445,1.03254518704357,0.150998057377144,-0.0325451870435738,0.150998057377144
7,early_mover,Early Mover,12,100,-94.8819475436148,16.3368677244098,-96.6429801689423,13.1007955011853,1.76103262532752,13.2282372779863,1.03581529277975,0.151912461747709,-0.0358152927797532,0.151912461747709
7,early_mover,Early Mover,13,100,-97.9252582326001,16.8068851557812,-99.780886944442,13.5284326747722,1.85562871184188,13.3864794135662,1.03571008298993,0.149614197016164,-0.0357100829899292,0.149614197016164
7,early_mover,Early Mover,14,100,-100.481728396647,17.4336492264268,-102.443289441559,13.8747571182302,1.96156104491184,13.9263796401229,1.03722986046361,0.152633206473334,-0.0372298604636082,0.152633206473334
7,early_mover,Early Mover,15,100,-102.73280025331,17.7584440173614,-104.476160871205,14.2128015826724,1.74336061789495,14.2848824534278,1.03465579827667,0.153043139799979,-0.0346557982766656,0.153043139799979
7,early_mover,Early Mover,16,100,-104.110493513849,17.7450277226617,-105.849937381888,14.4489020068234,1.73944386803863,14.5235629119863,1.0337140965366,0.152687600717499,-0.0337140965366011,0.152687600717499
7,early_mover,Early Mover,17,100,-105.037819775657,18.033400318939,-106.879942338529,14.6473012939048,1.84212256287121,14.9490700170455,1.03518120683596,0.156834740787567,-0.0351812068359611,0.156834740787567
7,early_mover,Early Mover,18,100,-105.744405916215,18.2952224257247,-107.704673009141,14.7380408286042,1.96026709292618,15.146913121528,1.03647388931508,0.157628483247923,-0.0364738893150838,0.157628483247923
7,early_mover,Early Mover,19,100,-106.079208600545,18.4908802751849,-108.401562340497,14.8624546428817,2.32235373995202,15.2189979438917,1.04003520008121,0.158122975467293,-0.0400352000812078,0.158122975467293
7,early_mover,Early Mover,20,100,-106.519799137921,18.7200899104252,-108.9818653803,14.9974908186075,2.46206624237941,15.3630718934718,1.04153922194509,0.159144673140112,-0.0415392219450864,0.159144673140112
7,sequential,Sequential,0,100,0,0,0,0,0,0,NaN,NaN,NaN,NaN
7,sequential,Sequential,1,100,0,0,0,0,0,0,NaN,NaN,NaN,NaN
7,sequential,Sequential,2,100,0,0,0,0,0,0,NaN,NaN,NaN,NaN
7,sequential,Sequential,3,100,0,0,0,0,0,0,NaN,NaN,NaN,NaN
7,sequential,Sequential,4,100,0,0,0,0,0,0,NaN,NaN,NaN,NaN
7,sequential,Sequential,5,100,0,0,0,0,0,0,NaN,NaN,NaN,NaN
7,sequential,Sequential,6,100,-19.3468587296016,4.76671322373308,-19.6061180510993,3.37392603213979,0.259259321497703,3.79988034555971,1.05625591310031,0.24009695621573,-0.0562559131003059,0.24009695621573
7,sequential,Sequential,7,100,-49.9520944587909,12.4934655550823,-51.506338590988,9.33731517505101,1.55424413219713,9.2736329192607,1.06284144886463,0.187942524154621,-0.0628414488646342,0.187942524154621
7,sequential,Sequential,8,100,-67.5095025438148,13.37915977547,-69.4360881875147,11.3199292799341,1.92658564369988,10.6932336705048,1.04873044335289,0.167534538197199,-0.048730443352893,0.167534538197199
7,sequential,Sequential,9,100,-78.5074277476354,14.1305068894083,-79.9095399327056,12.0226319876144,1.40211218507016,11.6181250826426,1.034993721554,0.157903062711822,-0.0349937215539961,0.157903062711822
7,sequential,Sequential,10,100,-86.5323927333568,15.3537291353312,-87.4459045285506,12.3562841085641,0.913511795193783,12.4456569508439,1.02804947624067,0.153549934223468,-0.0280494762406712,0.153549934223468
7,sequential,Sequential,11,100,-92.3807786623345,15.7459308520156,-93.7003932628048,13.117065130629,1.31961460047025,12.4318712791809,1.02970539486541,0.143967789644271,-0.0297053948654106,0.143967789644271
7,sequential,Sequential,12,100,-96.632798101353,16.5537508144226,-97.8765302951051,13.6131576882999,1.24373219375203,13.0782476932009,1.02914760465011,0.147831333968046,-0.0291476046501101,0.147831333968046
7,sequential,Sequential,13,100,-99.2275667536811,17.1993787063598,-100.945269962133,14.0762501072343,1.71770320845179,13.4929772388806,1.0345258964176,0.15195797529558,-0.0345258964176022,0.15195797529558
7,sequential,Sequential,14,100,-103.919872820814,18.1458039450843,-105.926255526496,14.9665798080697,2.00638270568244,14.0123066800571,1.03653959862829,0.15212890661547,-0.0365395986282891,0.15212890661547
7,sequential,Sequential,15,100,-107.81311514608,18.7312089964577,-109.753642682096,15.4832819939072,1.94052753601604,14.5839118185619,1.0356017512913,0.154272814004833,-0.0356017512913021,0.154272814004833
7,sequential,Sequential,16,100,-110.090856287352,18.8422384523034,-112.310325131546,15.8571651872042,2.21946884419447,14.707651403526,1.03712928723174,0.153307488016518,-0.0371292872317382,0.153307488016518
7,sequential,Sequential,17,100,-112.013515065001,18.9547964802532,-114.045504856948,16.0581126175098,2.03198979194636,14.7720417424311,1.03471009243405,0.152472379467298,-0.0347100924340472,0.152472379467298
7,sequential,Sequential,18,100,-113.234874220365,19.1955226757626,-115.310023603537,16.3056522851228,2.07514938317205,15.0641503182093,1.03495995043456,0.154284095145404,-0.0349599504345581,0.154284095145404
7,sequential,Sequential,19,100,-114.089201620504,19.2970821529201,-116.179684287736,16.3587646118667,2.09048266723215,15.2828582427189,1.03496818115531,0.15414523427666,-0.034968181155308,0.15414523427666
7,sequential,Sequential,20,100,-114.704473148976,19.6323000302289,-116.695639373779,16.4963945820991,1.99116622480265,15.4835432796227,1.03441203674644,0.155472195710537,-0.0344120367464427,0.155472195710537
