replication,cost_regime,lowest_risk_scenario,lowest_final_risk
1,low,sequential,179.634314669825
1,baseline,delayed_coordination,233.815861461161
1,high,sequential,329.889249030558
2,low,sequential,178.561485378376
2,baseline,delayed_coordination,238.591640618031
2,high,sequential,362.484299833909
3,low,coordinated,189.886487230646
3,baseline,sequential,259.0751440614
3,high,sequential,364.116642687769
4,low,sequential,155.70994120007
4,baseline,delayed_coordination,202.704161305246
4,high,sequential,325.414630571434
5,low,sequential,177.060885509447
5,baseline,sequential,216.83029685136
5,high,delayed_coordination,343.9539322128
6,low,delayed_coordination,175.160576215439
6,baseline,sequential,231.186094663746
6,high,coordinated,352.258457656732
7,low,sequential,182.883521612321
7,baseline,sequential,237.088938577919
7,high,delayed_coordination,362.434890427692
8,low,coordinated,180.273524623402
8,baseline,coordinated,227.387320652565
8,high,sequential,323.940881414516
9,low,sequential,196.248956149859
9,baseline,sequential,231.540831309036
9,high,sequential,344.876367408945
10,low,sequential,189.701550738572
10,baseline,coordinated,241.535838676811
10,high,delayed_coordination,335.32478817003
11,low,sequential,194.301267162874
11,baseline,coordinated,237.184561671278
11,high,sequential,361.908407886807
12,low,sequential,191.89992296402
12,baseline,delayed_coordination,231.096802748487
12,high,sequential,336.730055200804
13,low,coordinated,188.682076770104
13,baseline,coordinated,225.771151368017
13,high,delayed_coordination,359.872950913337
14,low,delayed_coordination,194.205249768345
14,baseline,delayed_coordination,246.716764243454
14,high,coordinated,336.570031439095
15,low,sequential,187.372942238531
15,baseline,sequential,241.300260404474
15,high,delayed_coordination,373.620278513825
16,low,coordinated,196.741330105741
16,baseline,delayed_coordination,223.8162877999
16,high,sequential,328.789262330923
17,low,coordinated,193.673183976124
17,baseline,delayed_coordination,226.213532455743
17,high,coordinated,341.562642919633
18,low,delayed_coordination,176.956708198365
18,baseline,coordinated,235.173540922145
18,high,coordinated,317.710619863047
19,low,delayed_coordination,208.165531470534
19,baseline,delayed_coordination,221.358023582127
19,high,coordinated,345.876257672768
20,low,sequential,194.958621383239
20,baseline,sequential,242.899553646424
20,high,sequential,336.116261117163
21,low,coordinated,191.658995533554
21,baseline,coordinated,244.690135789813
21,high,delayed_coordination,353.996775861168
22,low,sequential,194.792350456005
22,baseline,delayed_coordination,226.127904047342
22,high,coordinated,369.879967049913
23,low,sequential,183.622254647704
23,baseline,coordinated,268.353567415466
23,high,delayed_coordination,369.815053793328
24,low,delayed_coordination,177.100265939986
24,baseline,delayed_coordination,226.604580379117
24,high,delayed_coordination,339.422700484139
25,low,sequential,219.283228645066
25,baseline,sequential,287.940969156219
25,high,sequential,352.073679408967
26,low,sequential,188.432841660731
26,baseline,sequential,234.614772413392
26,high,coordinated,352.973339774591
27,low,delayed_coordination,179.644457063462
27,baseline,sequential,229.318130369392
27,high,delayed_coordination,342.291741400817
28,low,sequential,213.942338886541
28,baseline,sequential,244.924963745588
28,high,sequential,360.123598931011
29,low,delayed_coordination,166.87161173948
29,baseline,sequential,214.674722493752
29,high,delayed_coordination,328.66083506402
30,low,coordinated,187.16801835833
30,baseline,delayed_coordination,248.853383655047
30,high,sequential,351.982417092896
31,low,sequential,181.610332584737
31,baseline,delayed_coordination,208.634795000645
31,high,sequential,330.822594537032
32,low,delayed_coordination,183.365239714016
32,baseline,sequential,246.519429983052
32,high,delayed_coordination,359.418154997204
33,low,sequential,185.788373495719
33,baseline,sequential,240.855900047394
33,high,coordinated,374.905782135586
34,low,sequential,180.437738049302
34,baseline,sequential,235.535462818092
34,high,delayed_coordination,335.439148599469
35,low,coordinated,168.120588641722
35,baseline,coordinated,235.85345618497
35,high,delayed_coordination,329.864541505387
36,low,delayed_coordination,185.234775701154
36,baseline,delayed_coordination,237.397255381292
36,high,delayed_coordination,326.296475867368
37,low,sequential,181.798614637486
37,baseline,coordinated,213.886674405249
37,high,sequential,332.165688521902
38,low,delayed_coordination,197.394368753219
38,baseline,sequential,247.015895795417
38,high,sequential,370.047438073933
39,low,sequential,177.604638158633
39,baseline,delayed_coordination,188.533903235838
39,high,coordinated,360.731569785411
40,low,delayed_coordination,199.354090490976
40,baseline,sequential,223.037297390459
40,high,sequential,336.17050817029
41,low,sequential,181.491049887221
41,baseline,delayed_coordination,258.57686595358
41,high,coordinated,351.529605315079
42,low,sequential,186.254703426065
42,baseline,delayed_coordination,229.014433113698
42,high,coordinated,359.560243379801
43,low,coordinated,166.71631080736
43,baseline,sequential,216.711247778695
43,high,coordinated,351.929163998766
44,low,sequential,199.881812830352
44,baseline,sequential,237.746675432423
44,high,sequential,375.276426554999
45,low,delayed_coordination,200.194616185682
45,baseline,coordinated,237.716588698564
45,high,sequential,354.007050494508
46,low,sequential,192.357520849089
46,baseline,sequential,237.97063859438
46,high,delayed_coordination,357.754109655489
47,low,sequential,176.841724491964
47,baseline,early_mover,244.976334654132
47,high,delayed_coordination,349.554705221968
48,low,delayed_coordination,177.066875603738
48,baseline,delayed_coordination,272.072264518476
48,high,delayed_coordination,354.403513271858
49,low,coordinated,200.750341314731
49,baseline,coordinated,244.367313287725
49,high,delayed_coordination,363.889622941599
50,low,delayed_coordination,182.268211727094
50,baseline,coordinated,234.178604333378
50,high,coordinated,329.298851130391
51,low,delayed_coordination,184.834576116478
51,baseline,delayed_coordination,216.162700628897
51,high,sequential,343.459585854399
52,low,delayed_coordination,190.594336978761
52,baseline,sequential,240.638254205152
52,high,delayed_coordination,358.426594332713
53,low,sequential,166.525583938683
53,baseline,sequential,222.787619780668
53,high,delayed_coordination,365.629705101988
54,low,delayed_coordination,165.31005872243
54,baseline,sequential,222.250145346605
54,high,sequential,328.770058509929
55,low,sequential,205.216085225915
55,baseline,delayed_coordination,305.012121704474
55,high,delayed_coordination,353.279070092058
56,low,early_mover,194.437858062781
56,baseline,sequential,246.417748794345
56,high,coordinated,353.144821041158
57,low,sequential,192.305623665011
57,baseline,coordinated,253.635505894798
57,high,coordinated,337.311104708555
58,low,sequential,181.951794122307
58,baseline,coordinated,232.624389650813
58,high,delayed_coordination,367.607606495501
59,low,sequential,194.110331020465
59,baseline,delayed_coordination,226.603635023021
59,high,delayed_coordination,366.592247607419
60,low,sequential,186.012390184199
60,baseline,sequential,219.549449964681
60,high,delayed_coordination,366.159957508257
61,low,coordinated,180.577385260794
61,baseline,sequential,222.579537067718
61,high,early_mover,319.679416119801
62,low,early_mover,182.639739104551
62,baseline,delayed_coordination,211.013179888056
62,high,delayed_coordination,341.913596765454
63,low,early_mover,196.373028070641
63,baseline,coordinated,235.741386118123
63,high,coordinated,360.353091985431
64,low,early_mover,182.977680896247
64,baseline,sequential,221.013398610489
64,high,delayed_coordination,357.296531037421
65,low,delayed_coordination,172.769142010058
65,baseline,sequential,213.943750075232
65,high,sequential,325.283911684226
66,low,sequential,170.886723865918
66,baseline,delayed_coordination,213.121102899915
66,high,delayed_coordination,360.735183127615
67,low,sequential,183.643263154292
67,baseline,sequential,228.946455958124
67,high,sequential,345.643546174509
68,low,delayed_coordination,164.006473528114
68,baseline,delayed_coordination,241.838319643183
68,high,coordinated,351.499443540956
69,low,early_mover,188.301876648309
69,baseline,sequential,242.160972193044
69,high,sequential,323.609174601927
70,low,sequential,183.828385023958
70,baseline,delayed_coordination,239.985913586502
70,high,delayed_coordination,346.74614595348
71,low,coordinated,178.169035287021
71,baseline,coordinated,229.462087992177
71,high,delayed_coordination,340.245813468354
72,low,sequential,187.108806392384
72,baseline,sequential,233.608761064958
72,high,coordinated,354.796464581045
73,low,early_mover,169.358667103167
73,baseline,sequential,200.765724638996
73,high,sequential,334.974339071539
74,low,coordinated,194.394367372214
74,baseline,delayed_coordination,243.096336808096
74,high,sequential,366.550474873232
75,low,delayed_coordination,187.274015614555
75,baseline,early_mover,231.641778539476
75,high,delayed_coordination,354.084994970687
76,low,coordinated,188.969206094886
76,baseline,delayed_coordination,215.991133900601
76,high,coordinated,339.516810744928
77,low,coordinated,236.213449283961
77,baseline,sequential,240.068855886503
77,high,sequential,357.413571232888
78,low,coordinated,190.422308067005
78,baseline,coordinated,232.238816725221
78,high,sequential,355.103538041992
79,low,coordinated,199.639757927337
79,baseline,delayed_coordination,239.089020383512
79,high,coordinated,382.15029315571
80,low,delayed_coordination,184.580097152241
80,baseline,coordinated,239.535465723083
80,high,coordinated,382.188559194369
81,low,delayed_coordination,170.664708453659
81,baseline,delayed_coordination,245.380616090808
81,high,coordinated,348.703751336236
82,low,delayed_coordination,186.584325362502
82,baseline,sequential,203.763806724773
82,high,sequential,345.449526179007
83,low,sequential,163.455919631126
83,baseline,delayed_coordination,223.520120053881
83,high,delayed_coordination,355.057599751011
84,low,sequential,196.120193928959
84,baseline,sequential,237.708397371152
84,high,sequential,349.06384647977
85,low,coordinated,175.646594283878
85,baseline,sequential,233.761730010688
85,high,delayed_coordination,368.975471332145
86,low,coordinated,212.805538261418
86,baseline,coordinated,236.384069456314
86,high,coordinated,347.369078869736
87,low,delayed_coordination,216.932781696281
87,baseline,sequential,242.018297131812
87,high,sequential,361.39615800974
88,low,early_mover,191.03734668293
88,baseline,delayed_coordination,226.248989008403
88,high,coordinated,354.669758612553
89,low,sequential,163.384518905635
89,baseline,coordinated,232.381959013011
89,high,coordinated,363.812096098564
90,low,delayed_coordination,183.503742184251
90,baseline,delayed_coordination,225.036211809215
90,high,sequential,360.012761988006
91,low,early_mover,217.748218953303
91,baseline,delayed_coordination,249.404928645763
91,high,sequential,378.137413552656
92,low,sequential,163.793193653943
92,baseline,coordinated,216.815629873726
92,high,sequential,321.88962113405
93,low,delayed_coordination,174.723030639878
93,baseline,sequential,235.762483478046
93,high,delayed_coordination,350.048490472386
94,low,sequential,196.986231689213
94,baseline,sequential,247.282383077599
94,high,sequential,380.018652510066
95,low,sequential,191.816755145641
95,baseline,delayed_coordination,239.113780902396
95,high,coordinated,358.55535864247
96,low,sequential,184.349577842082
96,baseline,delayed_coordination,213.682888569348
96,high,coordinated,399.009397863285
97,low,coordinated,185.297780991805
97,baseline,early_mover,270.406640153378
97,high,delayed_coordination,372.333154846147
98,low,coordinated,160.886598366637
98,baseline,delayed_coordination,228.257267922251
98,high,sequential,354.099515028034
99,low,delayed_coordination,177.330628564299
99,baseline,sequential,257.572706803131
99,high,sequential,362.301590244684
100,low,sequential,199.272621620538
100,baseline,sequential,258.595960066554
100,high,early_mover,343.837898451168
