replication,seed,mechanismID,mechanismLabel,scenarioID,scenarioName,finalFitness,finalRisk,finalTrade,finalRecoveringLinks,totalSwitches,localSwitches,globalSwitches
1,1,M0_minimal,M0 Minimal adaptation,baseline,Baseline,104.071339749782,452.279774021325,3052.97447700057,0,2477,1318,1159
1,1,M1_choice,M1 + Softmax choice,baseline,Baseline,99.8248756044935,452.279774021325,3052.97447700057,0,3455,1271,2184
1,1,M2_frictions,M2 + Switching costs,baseline,Baseline,108.122577139926,452.279774021325,3052.97447700057,0,2264,1056,1208
1,1,M3_recovery,M3 + Recovery,baseline,Baseline,128.471467322935,347.561400246829,2344.74238495496,106,2649,1144,1505
1,1,M4_regulation,M4 + Regulation,baseline,Baseline,128.471467322935,347.561400246829,2344.74238495496,106,2649,1144,1505
1,1,M4_regulation,M4 + Regulation,coordinated,Coordinated,114.284262123457,242.899123623852,1867.31446223304,192,3917,1635,2282
1,1,M5_timing,M5 + Policy timing,baseline,Baseline,128.471467322935,347.561400246829,2344.74238495496,106,2649,1144,1505
1,1,M5_timing,M5 + Policy timing,early_mover,Early Mover,119.201450349082,243.327853509376,1802.08805291328,210,4141,1670,2471
1,1,M5_timing,M5 + Policy timing,sequential,Sequential,114.965090592667,239.544305724848,1789.50687815374,205,4045,1659,2386
1,1,M5_timing,M5 + Policy timing,coordinated,Coordinated,114.284262123457,242.899123623852,1867.31446223304,192,3917,1635,2282
1,1,M5_timing,M5 + Policy timing,delayed_coordination,Delayed Coordination,115.840579827431,233.815861461161,1777.52528880757,215,4168,1679,2489
2,2,M0_minimal,M0 Minimal adaptation,baseline,Baseline,102.671036638904,448.169534685216,2974.28944030821,0,2817,1497,1320
2,2,M1_choice,M1 + Softmax choice,baseline,Baseline,95.0105286919377,448.169534685216,2974.28944030821,0,3971,1236,2735
2,2,M2_frictions,M2 + Switching costs,baseline,Baseline,105.892043089313,448.169534685216,2974.28944030821,0,2416,1191,1225
2,2,M3_recovery,M3 + Recovery,baseline,Baseline,128.505671243792,340.75141935332,2288.56803367606,120,2889,1184,1705
2,2,M4_regulation,M4 + Regulation,baseline,Baseline,128.505671243792,340.75141935332,2288.56803367606,120,2889,1184,1705
2,2,M4_regulation,M4 + Regulation,coordinated,Coordinated,119.235200809046,245.074560560967,1594.88160984175,279,5024,1801,3223
2,2,M5_timing,M5 + Policy timing,baseline,Baseline,128.505671243792,340.75141935332,2288.56803367606,120,2889,1184,1705
2,2,M5_timing,M5 + Policy timing,early_mover,Early Mover,123.34969312917,249.9575182604,1606.19531381601,261,4877,1789,3088
2,2,M5_timing,M5 + Policy timing,sequential,Sequential,120.63207743337,247.613274387203,1549.06505024693,274,4978,1817,3161
2,2,M5_timing,M5 + Policy timing,coordinated,Coordinated,119.235200809046,245.074560560967,1594.88160984175,279,5024,1801,3223
2,2,M5_timing,M5 + Policy timing,delayed_coordination,Delayed Coordination,123.489322000039,238.591640618031,1511.53743864395,269,5001,1827,3174
3,3,M0_minimal,M0 Minimal adaptation,baseline,Baseline,106.930509915088,450.84536915919,3046.72043313889,0,2515,1246,1269
3,3,M1_choice,M1 + Softmax choice,baseline,Baseline,102.325942336632,450.84536915919,3046.72043313889,0,3322,1231,2091
3,3,M2_frictions,M2 + Switching costs,baseline,Baseline,109.179734978737,450.84536915919,3046.72043313889,0,2049,967,1082
3,3,M3_recovery,M3 + Recovery,baseline,Baseline,127.053051251761,348.896412923982,2467.09032458123,84,2240,994,1246
3,3,M4_regulation,M4 + Regulation,baseline,Baseline,127.053051251761,348.896412923982,2467.09032458123,84,2240,994,1246
3,3,M4_regulation,M4 + Regulation,coordinated,Coordinated,116.380700545872,260.404158092553,1873.75504481288,224,3872,1448,2424
3,3,M5_timing,M5 + Policy timing,baseline,Baseline,127.053051251761,348.896412923982,2467.09032458123,84,2240,994,1246
3,3,M5_timing,M5 + Policy timing,early_mover,Early Mover,115.091264302863,265.604396682396,1952.2858921509,204,3763,1392,2371
3,3,M5_timing,M5 + Policy timing,sequential,Sequential,114.804654644933,259.0751440614,1860.97635011817,192,3793,1344,2449
3,3,M5_timing,M5 + Policy timing,coordinated,Coordinated,116.380700545872,260.404158092553,1873.75504481288,224,3872,1448,2424
3,3,M5_timing,M5 + Policy timing,delayed_coordination,Delayed Coordination,112.84158319484,269.462167995513,1901.55488185431,207,3802,1385,2417
4,4,M0_minimal,M0 Minimal adaptation,baseline,Baseline,99.3281128105422,429.517087622842,2991.72998714242,0,3144,1404,1740
4,4,M1_choice,M1 + Softmax choice,baseline,Baseline,90.0366106898437,429.517087622842,2991.72998714242,0,3836,1237,2599
4,4,M2_frictions,M2 + Switching costs,baseline,Baseline,100.862239739161,429.517087622842,2991.72998714242,0,2545,1094,1451
4,4,M3_recovery,M3 + Recovery,baseline,Baseline,126.120484140994,303.599724718327,2287.91764447672,119,2854,1143,1711
4,4,M4_regulation,M4 + Regulation,baseline,Baseline,126.120484140994,303.599724718327,2287.91764447672,119,2854,1143,1711
4,4,M4_regulation,M4 + Regulation,coordinated,Coordinated,117.033226380827,214.148726347246,1675.23674054228,228,4501,1716,2785
4,4,M5_timing,M5 + Policy timing,baseline,Baseline,126.120484140994,303.599724718327,2287.91764447672,119,2854,1143,1711
4,4,M5_timing,M5 + Policy timing,early_mover,Early Mover,123.71895829617,204.864267369639,1613.23511704802,265,4615,1811,2804
4,4,M5_timing,M5 + Policy timing,sequential,Sequential,116.858177816376,229.594240135415,1673.21360141888,232,4487,1799,2688
4,4,M5_timing,M5 + Policy timing,coordinated,Coordinated,117.033226380827,214.148726347246,1675.23674054228,228,4501,1716,2785
4,4,M5_timing,M5 + Policy timing,delayed_coordination,Delayed Coordination,121.165169886279,202.704161305246,1574.29981119363,268,4708,1817,2891
5,5,M0_minimal,M0 Minimal adaptation,baseline,Baseline,97.9993252611034,435.810935627542,2998.23600940017,0,2957,1408,1549
5,5,M1_choice,M1 + Softmax choice,baseline,Baseline,87.0557648909806,435.810935627542,2998.23600940017,0,4150,954,3196
5,5,M2_frictions,M2 + Switching costs,baseline,Baseline,99.4272033973303,435.810935627542,2998.23600940017,0,2568,1037,1531
5,5,M3_recovery,M3 + Recovery,baseline,Baseline,125.947825705486,322.857785214549,2252.4175435453,123,3065,953,2112
5,5,M4_regulation,M4 + Regulation,baseline,Baseline,125.947825705486,322.857785214549,2252.4175435453,123,3065,953,2112
5,5,M4_regulation,M4 + Regulation,coordinated,Coordinated,115.942643012108,227.454609870623,1638.02681277521,219,4620,1829,2791
5,5,M5_timing,M5 + Policy timing,baseline,Baseline,125.947825705486,322.857785214549,2252.4175435453,123,3065,953,2112
5,5,M5_timing,M5 + Policy timing,early_mover,Early Mover,122.583371007061,229.244074813513,1584.74741782114,263,4901,1842,3059
5,5,M5_timing,M5 + Policy timing,sequential,Sequential,121.830161714466,216.83029685136,1513.16409025047,275,5053,1876,3177
5,5,M5_timing,M5 + Policy timing,coordinated,Coordinated,115.942643012108,227.454609870623,1638.02681277521,219,4620,1829,2791
5,5,M5_timing,M5 + Policy timing,delayed_coordination,Delayed Coordination,122.692295111273,217.538794376581,1518.41196289592,275,5036,1930,3106
6,6,M0_minimal,M0 Minimal adaptation,baseline,Baseline,100.283838340162,449.668132001805,3027.49153839759,0,2985,1467,1518
6,6,M1_choice,M1 + Softmax choice,baseline,Baseline,93.7472230984408,449.668132001805,3027.49153839759,0,3925,1162,2763
6,6,M2_frictions,M2 + Switching costs,baseline,Baseline,103.200820204782,449.668132001805,3027.49153839759,0,2469,1156,1313
6,6,M3_recovery,M3 + Recovery,baseline,Baseline,125.985308644577,335.851783949464,2301.96893204739,110,2718,1065,1653
6,6,M4_regulation,M4 + Regulation,baseline,Baseline,125.985308644577,335.851783949464,2301.96893204739,110,2718,1065,1653
6,6,M4_regulation,M4 + Regulation,coordinated,Coordinated,115.399685601392,263.504275607985,1704.2770394992,234,4648,1698,2950
6,6,M5_timing,M5 + Policy timing,baseline,Baseline,125.985308644577,335.851783949464,2301.96893204739,110,2718,1065,1653
6,6,M5_timing,M5 + Policy timing,early_mover,Early Mover,127.156243648825,244.243487018803,1597.6019806683,259,4883,1712,3171
6,6,M5_timing,M5 + Policy timing,sequential,Sequential,123.210791103839,231.186094663746,1542.7781262703,264,4884,1716,3168
6,6,M5_timing,M5 + Policy timing,coordinated,Coordinated,115.399685601392,263.504275607985,1704.2770394992,234,4648,1698,2950
6,6,M5_timing,M5 + Policy timing,delayed_coordination,Delayed Coordination,123.250539658337,239.603955096579,1576.5849661688,256,4880,1701,3179
7,7,M0_minimal,M0 Minimal adaptation,baseline,Baseline,98.0484946441233,450.24899658101,2948.72563232571,0,3029,1437,1592
7,7,M1_choice,M1 + Softmax choice,baseline,Baseline,87.4783060089552,450.24899658101,2948.72563232571,0,4069,1142,2927
7,7,M2_frictions,M2 + Switching costs,baseline,Baseline,101.341334340165,450.24899658101,2948.72563232571,0,2479,966,1513
7,7,M3_recovery,M3 + Recovery,baseline,Baseline,125.190753686278,313.241083983099,2200.6463066579,125,2861,1029,1832
7,7,M4_regulation,M4 + Regulation,baseline,Baseline,125.190753686278,313.241083983099,2200.6463066579,125,2861,1029,1832
7,7,M4_regulation,M4 + Regulation,coordinated,Coordinated,120.304788881182,239.178867270945,1523.35684452428,265,5013,1641,3372
7,7,M5_timing,M5 + Policy timing,baseline,Baseline,125.190753686278,313.241083983099,2200.6463066579,125,2861,1029,1832
7,7,M5_timing,M5 + Policy timing,early_mover,Early Mover,123.684045403862,246.784573790224,1579.63956871199,269,5028,1529,3499
7,7,M5_timing,M5 + Policy timing,sequential,Sequential,120.87885313584,237.088938577919,1521.68368666912,271,5012,1667,3345
7,7,M5_timing,M5 + Policy timing,coordinated,Coordinated,120.304788881182,239.178867270945,1523.35684452428,265,5013,1641,3372
7,7,M5_timing,M5 + Policy timing,delayed_coordination,Delayed Coordination,119.819263009835,243.829215875599,1538.21570616957,279,5029,1663,3366
8,8,M0_minimal,M0 Minimal adaptation,baseline,Baseline,97.9363087614434,440.956166694076,2939.96636177321,0,2759,1166,1593
8,8,M1_choice,M1 + Softmax choice,baseline,Baseline,90.1947641114516,440.956166694076,2939.96636177321,0,3925,1145,2780
8,8,M2_frictions,M2 + Switching costs,baseline,Baseline,99.8472752371366,440.956166694076,2939.96636177321,0,2383,943,1440
8,8,M3_recovery,M3 + Recovery,baseline,Baseline,125.245959682002,333.143988606944,2268.25310937299,127,2911,1130,1781
8,8,M4_regulation,M4 + Regulation,baseline,Baseline,125.245959682002,333.143988606944,2268.25310937299,127,2911,1130,1781
8,8,M4_regulation,M4 + Regulation,coordinated,Coordinated,118.537642777963,227.387320652565,1511.65107207032,269,5052,1660,3392
8,8,M5_timing,M5 + Policy timing,baseline,Baseline,125.245959682002,333.143988606944,2268.25310937299,127,2911,1130,1781
8,8,M5_timing,M5 + Policy timing,early_mover,Early Mover,120.834337327938,238.10389646501,1560.14788542524,265,5130,1631,3499
8,8,M5_timing,M5 + Policy timing,sequential,Sequential,118.248170315656,235.974348518491,1531.15507564673,257,5083,1700,3383
8,8,M5_timing,M5 + Policy timing,coordinated,Coordinated,118.537642777963,227.387320652565,1511.65107207032,269,5052,1660,3392
8,8,M5_timing,M5 + Policy timing,delayed_coordination,Delayed Coordination,118.310494728948,233.319551946239,1531.4516106633,262,5150,1636,3514
9,9,M0_minimal,M0 Minimal adaptation,baseline,Baseline,102.857504075017,447.679822263215,3006.01569166627,0,2747,1432,1315
9,9,M1_choice,M1 + Softmax choice,baseline,Baseline,94.4668066952229,447.679822263215,3006.01569166627,0,3598,1154,2444
9,9,M2_frictions,M2 + Switching costs,baseline,Baseline,105.074200574563,447.679822263215,3006.01569166627,0,2400,1181,1219
9,9,M3_recovery,M3 + Recovery,baseline,Baseline,127.99074617512,330.428575696783,2318.44593013309,116,2795,1165,1630
9,9,M4_regulation,M4 + Regulation,baseline,Baseline,127.99074617512,330.428575696783,2318.44593013309,116,2795,1165,1630
9,9,M4_regulation,M4 + Regulation,coordinated,Coordinated,118.164185300485,247.325460257382,1684.3588718152,248,4606,1830,2776
9,9,M5_timing,M5 + Policy timing,baseline,Baseline,127.99074617512,330.428575696783,2318.44593013309,116,2795,1165,1630
9,9,M5_timing,M5 + Policy timing,early_mover,Early Mover,126.359655297267,233.96132132355,1630.88068472619,241,4715,1818,2897
9,9,M5_timing,M5 + Policy timing,sequential,Sequential,122.315857851758,231.540831309036,1601.44591321614,233,4661,1832,2829
9,9,M5_timing,M5 + Policy timing,coordinated,Coordinated,118.164185300485,247.325460257382,1684.3588718152,248,4606,1830,2776
9,9,M5_timing,M5 + Policy timing,delayed_coordination,Delayed Coordination,120.897052226849,238.682612841184,1625.40217919759,232,4598,1820,2778
10,10,M0_minimal,M0 Minimal adaptation,baseline,Baseline,100.49156187107,438.56794094518,2925.61276374826,0,3052,1430,1622
10,10,M1_choice,M1 + Softmax choice,baseline,Baseline,95.4865381105859,438.56794094518,2925.61276374826,0,3556,1144,2412
10,10,M2_frictions,M2 + Switching costs,baseline,Baseline,104.337779033348,438.56794094518,2925.61276374826,0,2278,1078,1200
10,10,M3_recovery,M3 + Recovery,baseline,Baseline,125.464422229636,326.212289056639,2330.83421171135,97,2510,1062,1448
10,10,M4_regulation,M4 + Regulation,baseline,Baseline,125.464422229636,326.212289056639,2330.83421171135,97,2510,1062,1448
10,10,M4_regulation,M4 + Regulation,coordinated,Coordinated,115.14925062672,241.535838676811,1750.31717571919,220,4192,1664,2528
10,10,M5_timing,M5 + Policy timing,baseline,Baseline,125.464422229636,326.212289056639,2330.83421171135,97,2510,1062,1448
10,10,M5_timing,M5 + Policy timing,early_mover,Early Mover,116.552661684733,243.439200802321,1798.55631215155,203,3898,1586,2312
10,10,M5_timing,M5 + Policy timing,sequential,Sequential,112.846813962261,255.4656371221,1752.91035908242,203,3855,1572,2283
10,10,M5_timing,M5 + Policy timing,coordinated,Coordinated,115.14925062672,241.535838676811,1750.31717571919,220,4192,1664,2528
10,10,M5_timing,M5 + Policy timing,delayed_coordination,Delayed Coordination,114.35920393099,242.705135258404,1749.30788350355,219,4044,1597,2447
11,11,M0_minimal,M0 Minimal adaptation,baseline,Baseline,99.4720277896395,450.471604454726,3013.53063192246,0,3044,1405,1639
11,11,M1_choice,M1 + Softmax choice,baseline,Baseline,93.9405148852444,450.471604454726,3013.53063192246,0,3903,1311,2592
11,11,M2_frictions,M2 + Switching costs,baseline,Baseline,103.535942572999,450.471604454726,3013.53063192246,0,2430,1003,1427
11,11,M3_recovery,M3 + Recovery,baseline,Baseline,125.751273841672,328.268827405729,2322.5751188945,108,2783,1072,1711
11,11,M4_regulation,M4 + Regulation,baseline,Baseline,125.751273841672,328.268827405729,2322.5751188945,108,2783,1072,1711
11,11,M4_regulation,M4 + Regulation,coordinated,Coordinated,116.165293164709,237.184561671278,1747.52830280841,253,4708,1635,3073
11,11,M5_timing,M5 + Policy timing,baseline,Baseline,125.751273841672,328.268827405729,2322.5751188945,108,2783,1072,1711
11,11,M5_timing,M5 + Policy timing,early_mover,Early Mover,116.467496794527,242.820164295734,1761.62085355682,237,4566,1614,2952
11,11,M5_timing,M5 + Policy timing,sequential,Sequential,114.596610701217,237.786676058666,1745.85469162884,234,4556,1601,2955
11,11,M5_timing,M5 + Policy timing,coordinated,Coordinated,116.165293164709,237.184561671278,1747.52830280841,253,4708,1635,3073
11,11,M5_timing,M5 + Policy timing,delayed_coordination,Delayed Coordination,114.678741131476,239.354186086795,1727.43716606597,252,4593,1644,2949
12,12,M0_minimal,M0 Minimal adaptation,baseline,Baseline,99.4199503355173,453.850212574114,3064.15467703946,0,2955,1516,1439
12,12,M1_choice,M1 + Softmax choice,baseline,Baseline,87.8564519429284,453.850212574114,3064.15467703946,0,4202,1118,3084
12,12,M2_frictions,M2 + Switching costs,baseline,Baseline,96.4723519466842,453.850212574114,3064.15467703946,0,2759,1066,1693
12,12,M3_recovery,M3 + Recovery,baseline,Baseline,124.793261949587,345.443581148862,2297.79646656909,124,2984,1153,1831
12,12,M4_regulation,M4 + Regulation,baseline,Baseline,124.793261949587,345.443581148862,2297.79646656909,124,2984,1153,1831
12,12,M4_regulation,M4 + Regulation,coordinated,Coordinated,113.776197444,248.738504739343,1711.34651129282,242,4901,1695,3206
12,12,M5_timing,M5 + Policy timing,baseline,Baseline,124.793261949587,345.443581148862,2297.79646656909,124,2984,1153,1831
12,12,M5_timing,M5 + Policy timing,early_mover,Early Mover,118.745754043717,247.530028422986,1680.700629958,263,4946,1660,3286
12,12,M5_timing,M5 + Policy timing,sequential,Sequential,116.749225511542,234.255107133147,1606.19756887052,278,5130,1740,3390
12,12,M5_timing,M5 + Policy timing,coordinated,Coordinated,113.776197444,248.738504739343,1711.34651129282,242,4901,1695,3206
12,12,M5_timing,M5 + Policy timing,delayed_coordination,Delayed Coordination,115.645232640877,231.096802748487,1614.85676375492,264,5023,1727,3296
13,13,M0_minimal,M0 Minimal adaptation,baseline,Baseline,99.6248802133362,449.880579186967,2955.35737166146,0,2876,1493,1383
13,13,M1_choice,M1 + Softmax choice,baseline,Baseline,93.629411297671,449.880579186967,2955.35737166146,0,3813,1172,2641
13,13,M2_frictions,M2 + Switching costs,baseline,Baseline,101.694560291342,449.880579186967,2955.35737166146,0,2494,1062,1432
13,13,M3_recovery,M3 + Recovery,baseline,Baseline,126.648445085528,338.366618841938,2231.03247443756,128,2959,1156,1803
13,13,M4_regulation,M4 + Regulation,baseline,Baseline,126.648445085528,338.366618841938,2231.03247443756,128,2959,1156,1803
13,13,M4_regulation,M4 + Regulation,coordinated,Coordinated,119.656139569236,225.771151368017,1554.86654466827,294,4999,1788,3211
13,13,M5_timing,M5 + Policy timing,baseline,Baseline,126.648445085528,338.366618841938,2231.03247443756,128,2959,1156,1803
13,13,M5_timing,M5 + Policy timing,early_mover,Early Mover,119.687615592232,237.997657426957,1620.8387855598,267,4922,1770,3152
13,13,M5_timing,M5 + Policy timing,sequential,Sequential,118.729789024393,226.348829983703,1567.54573429963,280,5048,1872,3176
13,13,M5_timing,M5 + Policy timing,coordinated,Coordinated,119.656139569236,225.771151368017,1554.86654466827,294,4999,1788,3211
13,13,M5_timing,M5 + Policy timing,delayed_coordination,Delayed Coordination,117.688665575214,230.979906815449,1578.87690702811,281,4983,1825,3158
14,14,M0_minimal,M0 Minimal adaptation,baseline,Baseline,101.649884041136,448.087791322867,3034.95799727473,0,2973,1354,1619
14,14,M1_choice,M1 + Softmax choice,baseline,Baseline,95.1679965015156,448.087791322866,3034.95799727473,0,3811,1487,2324
14,14,M2_frictions,M2 + Switching costs,baseline,Baseline,102.721542024337,448.087791322866,3034.95799727473,0,2548,1161,1387
14,14,M3_recovery,M3 + Recovery,baseline,Baseline,128.364915885611,335.488980749225,2263.49543785668,101,2720,1155,1565
14,14,M4_regulation,M4 + Regulation,baseline,Baseline,128.364915885611,335.488980749225,2263.49543785668,101,2720,1155,1565
14,14,M4_regulation,M4 + Regulation,coordinated,Coordinated,118.727963490732,250.652949553469,1683.37030662058,267,4635,1709,2926
14,14,M5_timing,M5 + Policy timing,baseline,Baseline,128.364915885611,335.488980749225,2263.49543785668,101,2720,1155,1565
14,14,M5_timing,M5 + Policy timing,early_mover,Early Mover,122.942604399601,249.877426460891,1703.56970362338,241,4594,1718,2876
14,14,M5_timing,M5 + Policy timing,sequential,Sequential,117.007174846521,251.160031954886,1703.86392047217,249,4520,1715,2805
14,14,M5_timing,M5 + Policy timing,coordinated,Coordinated,118.727963490732,250.652949553469,1683.37030662058,267,4635,1709,2926
14,14,M5_timing,M5 + Policy timing,delayed_coordination,Delayed Coordination,119.788832255128,246.716764243454,1669.8131502484,257,4651,1710,2941
15,15,M0_minimal,M0 Minimal adaptation,baseline,Baseline,101.378566147832,449.965877829357,3036.45936483111,0,2958,1290,1668
15,15,M1_choice,M1 + Softmax choice,baseline,Baseline,97.4233271451056,449.965877829357,3036.45936483111,0,3676,1158,2518
15,15,M2_frictions,M2 + Switching costs,baseline,Baseline,105.76543299261,449.965877829357,3036.45936483111,0,2380,1136,1244
15,15,M3_recovery,M3 + Recovery,baseline,Baseline,128.328380711341,347.467752160738,2385.59582901859,108,2682,1126,1556
15,15,M4_regulation,M4 + Regulation,baseline,Baseline,128.328380711341,347.467752160738,2385.59582901859,108,2682,1126,1556
15,15,M4_regulation,M4 + Regulation,coordinated,Coordinated,123.918066886496,244.332661379385,1688.74344208301,266,4856,1812,3044
15,15,M5_timing,M5 + Policy timing,baseline,Baseline,128.328380711341,347.467752160738,2385.59582901859,108,2682,1126,1556
15,15,M5_timing,M5 + Policy timing,early_mover,Early Mover,124.986036867368,260.890491487748,1741.3520729296,257,4803,1761,3042
15,15,M5_timing,M5 + Policy timing,sequential,Sequential,125.539838155139,241.300260404474,1663.45808865912,261,4921,1833,3088
15,15,M5_timing,M5 + Policy timing,coordinated,Coordinated,123.918066886496,244.332661379385,1688.74344208301,266,4856,1812,3044
15,15,M5_timing,M5 + Policy timing,delayed_coordination,Delayed Coordination,124.178653969066,248.21847912164,1678.79060625362,255,4894,1826,3068
16,16,M0_minimal,M0 Minimal adaptation,baseline,Baseline,98.8907938918059,443.124742279781,2981.23673946618,0,3099,1252,1847
16,16,M1_choice,M1 + Softmax choice,baseline,Baseline,92.8520856032096,443.124742279781,2981.23673946618,0,3883,1175,2708
16,16,M2_frictions,M2 + Switching costs,baseline,Baseline,101.386493193018,443.124742279781,2981.23673946618,0,2705,984,1721
16,16,M3_recovery,M3 + Recovery,baseline,Baseline,129.182409337563,313.261577286303,2206.70710788291,140,3196,1035,2161
16,16,M4_regulation,M4 + Regulation,baseline,Baseline,129.182409337563,313.261577286303,2206.70710788291,140,3196,1035,2161
16,16,M4_regulation,M4 + Regulation,coordinated,Coordinated,119.075854066468,238.209238637078,1606.75443004238,234,4722,1672,3050
16,16,M5_timing,M5 + Policy timing,baseline,Baseline,129.182409337563,313.261577286303,2206.70710788291,140,3196,1035,2161
16,16,M5_timing,M5 + Policy timing,early_mover,Early Mover,128.909792886267,236.298008719363,1566.49679295721,276,5341,1804,3537
16,16,M5_timing,M5 + Policy timing,sequential,Sequential,127.529707746288,230.998930928703,1506.19177362894,290,5398,1852,3546
16,16,M5_timing,M5 + Policy timing,coordinated,Coordinated,119.075854066468,238.209238637078,1606.75443004238,234,4722,1672,3050
16,16,M5_timing,M5 + Policy timing,delayed_coordination,Delayed Coordination,129.515463849462,223.8162877999,1474.9282603893,301,5492,1800,3692
17,17,M0_minimal,M0 Minimal adaptation,baseline,Baseline,98.3222301943817,458.060219149668,3031.3620452977,0,2833,1318,1515
17,17,M1_choice,M1 + Softmax choice,baseline,Baseline,91.6743021469511,458.060219149668,3031.36204529771,0,3731,1236,2495
17,17,M2_frictions,M2 + Switching costs,baseline,Baseline,99.821239697371,458.060219149668,3031.36204529771,0,2606,964,1642
17,17,M3_recovery,M3 + Recovery,baseline,Baseline,125.845512007681,355.530114890758,2333.55948574667,106,2738,1041,1697
17,17,M4_regulation,M4 + Regulation,baseline,Baseline,125.845512007681,355.530114890758,2333.55948574667,106,2738,1041,1697
17,17,M4_regulation,M4 + Regulation,coordinated,Coordinated,116.235265627053,230.416154975871,1643.84512418143,272,4740,1756,2984
17,17,M5_timing,M5 + Policy timing,baseline,Baseline,125.845512007681,355.530114890758,2333.55948574667,106,2738,1041,1697
17,17,M5_timing,M5 + Policy timing,early_mover,Early Mover,123.604495311814,234.566947493912,1579.22217680913,271,4984,1670,3314
17,17,M5_timing,M5 + Policy timing,sequential,Sequential,123.311443820884,231.199113805173,1521.32863353334,283,5018,1753,3265
17,17,M5_timing,M5 + Policy timing,coordinated,Coordinated,116.235265627053,230.416154975871,1643.84512418143,272,4740,1756,2984
17,17,M5_timing,M5 + Policy timing,delayed_coordination,Delayed Coordination,126.552064100201,226.213532455743,1510.54218270419,289,5094,1727,3367
18,18,M0_minimal,M0 Minimal adaptation,baseline,Baseline,98.529844056497,438.973307091865,3007.06359707531,0,3211,1480,1731
18,18,M1_choice,M1 + Softmax choice,baseline,Baseline,93.7266344724736,438.973307091865,3007.06359707531,0,3702,1235,2467
18,18,M2_frictions,M2 + Switching costs,baseline,Baseline,99.8740815555329,438.973307091865,3007.06359707531,0,2698,1082,1616
18,18,M3_recovery,M3 + Recovery,baseline,Baseline,126.829570709425,314.750475590682,2231.01294029534,140,3103,974,2129
18,18,M4_regulation,M4 + Regulation,baseline,Baseline,126.829570709425,314.750475590682,2231.01294029534,140,3103,974,2129
18,18,M4_regulation,M4 + Regulation,coordinated,Coordinated,114.590741220488,235.173540922145,1642.40411546336,245,4790,1688,3102
18,18,M5_timing,M5 + Policy timing,baseline,Baseline,126.829570709425,314.750475590682,2231.01294029534,140,3103,974,2129
18,18,M5_timing,M5 + Policy timing,early_mover,Early Mover,116.216739658461,258.331119036707,1705.10907754161,256,4839,1676,3163
18,18,M5_timing,M5 + Policy timing,sequential,Sequential,112.048191251319,255.88387038255,1690.20748702614,241,4570,1723,2847
18,18,M5_timing,M5 + Policy timing,coordinated,Coordinated,114.590741220488,235.173540922145,1642.40411546336,245,4790,1688,3102
18,18,M5_timing,M5 + Policy timing,delayed_coordination,Delayed Coordination,113.68746046848,243.155618968565,1637.56955657983,240,4700,1706,2994
19,19,M0_minimal,M0 Minimal adaptation,baseline,Baseline,96.2320238128445,436.946491805441,2991.01925611715,0,3074,1285,1789
19,19,M1_choice,M1 + Softmax choice,baseline,Baseline,94.2677997140223,436.946491805441,2991.01925611715,0,3643,1134,2509
19,19,M2_frictions,M2 + Switching costs,baseline,Baseline,101.787634963665,436.946491805441,2991.01925611715,0,2528,976,1552
19,19,M3_recovery,M3 + Recovery,baseline,Baseline,127.048447747615,333.092707251775,2261.35554154674,119,2814,1049,1765
19,19,M4_regulation,M4 + Regulation,baseline,Baseline,127.048447747615,333.092707251775,2261.35554154674,119,2814,1049,1765
19,19,M4_regulation,M4 + Regulation,coordinated,Coordinated,117.891140658324,225.112486661979,1723.40939142728,238,4492,1624,2868
19,19,M5_timing,M5 + Policy timing,baseline,Baseline,127.048447747615,333.092707251775,2261.35554154674,119,2814,1049,1765
19,19,M5_timing,M5 + Policy timing,early_mover,Early Mover,123.975411012696,226.098107800203,1695.54997707378,256,4753,1551,3202
19,19,M5_timing,M5 + Policy timing,sequential,Sequential,119.61259046548,225.265307767247,1666.64432932339,246,4765,1554,3211
19,19,M5_timing,M5 + Policy timing,coordinated,Coordinated,117.891140658324,225.112486661979,1723.40939142728,238,4492,1624,2868
19,19,M5_timing,M5 + Policy timing,delayed_coordination,Delayed Coordination,120.606786587826,221.358023582127,1664.41136601536,257,4796,1564,3232
20,20,M0_minimal,M0 Minimal adaptation,baseline,Baseline,98.2024845671483,437.241925468984,2947.11538026065,0,3165,1337,1828
20,20,M1_choice,M1 + Softmax choice,baseline,Baseline,91.6677865699571,437.241925468984,2947.11538026065,0,3738,1037,2701
20,20,M2_frictions,M2 + Switching costs,baseline,Baseline,99.5907120602624,437.241925468984,2947.11538026065,0,2397,907,1490
20,20,M3_recovery,M3 + Recovery,baseline,Baseline,126.861910201648,310.340888496358,2262.77821406191,131,2821,1054,1767
20,20,M4_regulation,M4 + Regulation,baseline,Baseline,126.861910201648,310.340888496358,2262.77821406191,131,2821,1054,1767
20,20,M4_regulation,M4 + Regulation,coordinated,Coordinated,111.293629735632,247.128610362685,1829.63465769045,213,4147,1526,2621
20,20,M5_timing,M5 + Policy timing,baseline,Baseline,126.861910201648,310.340888496358,2262.77821406191,131,2821,1054,1767
20,20,M5_timing,M5 + Policy timing,early_mover,Early Mover,115.41694757565,252.998742588382,1760.42979959504,218,4230,1533,2697
20,20,M5_timing,M5 + Policy timing,sequential,Sequential,116.874152390422,242.899553646424,1694.8649928392,239,4391,1581,2810
20,20,M5_timing,M5 + Policy timing,coordinated,Coordinated,111.293629735632,247.128610362685,1829.63465769045,213,4147,1526,2621
20,20,M5_timing,M5 + Policy timing,delayed_coordination,Delayed Coordination,111.169463564367,252.633765381094,1762.88248436162,204,4231,1525,2706
21,21,M0_minimal,M0 Minimal adaptation,baseline,Baseline,101.587995484184,446.48311777859,3001.68221692076,0,2801,1428,1373
21,21,M1_choice,M1 + Softmax choice,baseline,Baseline,93.074282925928,446.483117778591,3001.68221692076,0,3942,1185,2757
21,21,M2_frictions,M2 + Switching costs,baseline,Baseline,101.85045502244,446.48311777859,3001.68221692076,0,2578,1170,1408
21,21,M3_recovery,M3 + Recovery,baseline,Baseline,128.487459123983,362.53227067901,2285.12336014409,115,2694,1117,1577
21,21,M4_regulation,M4 + Regulation,baseline,Baseline,128.487459123983,362.53227067901,2285.12336014409,115,2694,1117,1577
21,21,M4_regulation,M4 + Regulation,coordinated,Coordinated,126.839353019573,244.690135789813,1641.59899470168,275,4914,1695,3219
21,21,M5_timing,M5 + Policy timing,baseline,Baseline,128.487459123983,362.53227067901,2285.12336014409,115,2694,1117,1577
21,21,M5_timing,M5 + Policy timing,early_mover,Early Mover,123.359407272466,250.999366464473,1718.60108181476,254,4737,1618,3119
21,21,M5_timing,M5 + Policy timing,sequential,Sequential,123.096609793362,257.66224037207,1677.33135153327,261,4757,1671,3086
21,21,M5_timing,M5 + Policy timing,coordinated,Coordinated,126.839353019573,244.690135789813,1641.59899470168,275,4914,1695,3219
21,21,M5_timing,M5 + Policy timing,delayed_coordination,Delayed Coordination,121.41591258917,259.702536546819,1684.71592154965,254,4753,1625,3128
22,22,M0_minimal,M0 Minimal adaptation,baseline,Baseline,100.01193225866,457.795099964947,2978.28212896226,0,2641,1244,1397
22,22,M1_choice,M1 + Softmax choice,baseline,Baseline,91.0495590820595,457.795099964947,2978.28212896226,0,3783,1131,2652
22,22,M2_frictions,M2 + Switching costs,baseline,Baseline,99.9579435415016,457.795099964947,2978.28212896226,0,2321,915,1406
22,22,M3_recovery,M3 + Recovery,baseline,Baseline,125.689183739616,343.3258849747,2304.51529165853,119,2881,1001,1880
22,22,M4_regulation,M4 + Regulation,baseline,Baseline,125.689183739616,343.3258849747,2304.51529165853,119,2881,1001,1880
22,22,M4_regulation,M4 + Regulation,coordinated,Coordinated,122.416971794152,227.028332575388,1510.90429480214,280,5323,1721,3602
22,22,M5_timing,M5 + Policy timing,baseline,Baseline,125.689183739616,343.3258849747,2304.51529165853,119,2881,1001,1880
22,22,M5_timing,M5 + Policy timing,early_mover,Early Mover,123.628942814499,230.676130838091,1543.73377365419,284,5189,1602,3587
22,22,M5_timing,M5 + Policy timing,sequential,Sequential,122.466499675534,232.717442960467,1519.6904032341,293,5285,1645,3640
22,22,M5_timing,M5 + Policy timing,coordinated,Coordinated,122.416971794152,227.028332575388,1510.90429480214,280,5323,1721,3602
22,22,M5_timing,M5 + Policy timing,delayed_coordination,Delayed Coordination,122.831006153996,226.127904047342,1495.7932110711,295,5277,1668,3609
23,23,M0_minimal,M0 Minimal adaptation,baseline,Baseline,104.530040245589,447.509718304859,2917.2792102211,0,2776,1462,1314
23,23,M1_choice,M1 + Softmax choice,baseline,Baseline,95.3021685738444,447.509718304859,2917.2792102211,0,3661,1267,2394
23,23,M2_frictions,M2 + Switching costs,baseline,Baseline,105.907919072786,447.509718304859,2917.2792102211,0,2179,1076,1103
23,23,M3_recovery,M3 + Recovery,baseline,Baseline,126.104459901276,353.827448914929,2335.50769572057,95,2571,1057,1514
23,23,M4_regulation,M4 + Regulation,baseline,Baseline,126.104459901276,353.827448914929,2335.50769572057,95,2571,1057,1514
23,23,M4_regulation,M4 + Regulation,coordinated,Coordinated,120.392879493685,268.353567415466,1628.56594172943,234,4732,1764,2968
23,23,M5_timing,M5 + Policy timing,baseline,Baseline,126.104459901276,353.827448914929,2335.50769572057,95,2571,1057,1514
23,23,M5_timing,M5 + Policy timing,early_mover,Early Mover,121.286658852214,284.950928485509,1688.17619312633,233,4721,1652,3069
23,23,M5_timing,M5 + Policy timing,sequential,Sequential,122.398192900964,274.357155891843,1612.56003089967,247,4773,1727,3046
23,23,M5_timing,M5 + Policy timing,coordinated,Coordinated,120.392879493685,268.353567415466,1628.56594172943,234,4732,1764,2968
23,23,M5_timing,M5 + Policy timing,delayed_coordination,Delayed Coordination,121.990159362183,274.019459355991,1610.2313656607,262,4805,1728,3077
24,24,M0_minimal,M0 Minimal adaptation,baseline,Baseline,97.2916716454509,463.380883366956,3013.00261573062,0,2973,1212,1761
24,24,M1_choice,M1 + Softmax choice,baseline,Baseline,87.1056446412117,463.380883366956,3013.00261573062,0,4176,953,3223
24,24,M2_frictions,M2 + Switching costs,baseline,Baseline,97.9630573459489,463.380883366956,3013.00261573062,0,2744,1059,1685
24,24,M3_recovery,M3 + Recovery,baseline,Baseline,126.359680396224,336.682415289483,2253.38097018101,136,3093,1127,1966
24,24,M4_regulation,M4 + Regulation,baseline,Baseline,126.359680396224,336.682415289483,2253.38097018101,136,3093,1127,1966
24,24,M4_regulation,M4 + Regulation,coordinated,Coordinated,114.558249313657,245.95400447285,1663.86185943907,243,4639,1698,2941
24,24,M5_timing,M5 + Policy timing,baseline,Baseline,126.359680396224,336.682415289483,2253.38097018101,136,3093,1127,1966
24,24,M5_timing,M5 + Policy timing,early_mover,Early Mover,122.368893741589,236.980494461625,1613.29923121466,277,5109,1823,3286
24,24,M5_timing,M5 + Policy timing,sequential,Sequential,119.8135993694,233.744944761451,1572.78381488757,251,4917,1714,3203
24,24,M5_timing,M5 + Policy timing,coordinated,Coordinated,114.558249313657,245.95400447285,1663.86185943907,243,4639,1698,2941
24,24,M5_timing,M5 + Policy timing,delayed_coordination,Delayed Coordination,120.053199779659,226.604580379117,1554.61323419467,271,5066,1810,3256
25,25,M0_minimal,M0 Minimal adaptation,baseline,Baseline,95.6063387012835,470.157252335109,3056.27527508909,0,3329,1386,1943
25,25,M1_choice,M1 + Softmax choice,baseline,Baseline,87.7812931182713,470.15725233511,3056.27527508909,0,4382,1098,3284
25,25,M2_frictions,M2 + Switching costs,baseline,Baseline,97.1300515441057,470.15725233511,3056.27527508909,0,2673,976,1697
25,25,M3_recovery,M3 + Recovery,baseline,Baseline,125.003551274217,358.053103657288,2274.83984381401,137,3119,1052,2067
25,25,M4_regulation,M4 + Regulation,baseline,Baseline,125.003551274217,358.053103657288,2274.83984381401,137,3119,1052,2067
25,25,M4_regulation,M4 + Regulation,coordinated,Coordinated,118.376375197177,298.300583314569,1712.36995155742,245,4627,1476,3151
25,25,M5_timing,M5 + Policy timing,baseline,Baseline,125.003551274217,358.053103657288,2274.83984381401,137,3119,1052,2067
25,25,M5_timing,M5 + Policy timing,early_mover,Early Mover,117.127407957176,296.561690578924,1777.19938696453,241,4558,1533,3025
25,25,M5_timing,M5 + Policy timing,sequential,Sequential,116.824001790003,287.940969156219,1689.11254899481,262,4680,1589,3091
25,25,M5_timing,M5 + Policy timing,coordinated,Coordinated,118.376375197177,298.300583314569,1712.36995155742,245,4627,1476,3151
25,25,M5_timing,M5 + Policy timing,delayed_coordination,Delayed Coordination,113.615823804865,293.730326051253,1749.07959242579,217,4466,1489,2977
26,26,M0_minimal,M0 Minimal adaptation,baseline,Baseline,104.345488168936,462.169072373853,2992.99810247405,0,2608,1362,1246
26,26,M1_choice,M1 + Softmax choice,baseline,Baseline,97.7431052427688,462.169072373853,2992.99810247405,0,3350,1096,2254
26,26,M2_frictions,M2 + Switching costs,baseline,Baseline,105.317672848265,462.169072373853,2992.99810247405,0,2162,1037,1125
26,26,M3_recovery,M3 + Recovery,baseline,Baseline,126.589364306853,357.457657755834,2404.22428334785,107,2616,1040,1576
26,26,M4_regulation,M4 + Regulation,baseline,Baseline,126.589364306853,357.457657755834,2404.22428334785,107,2616,1040,1576
26,26,M4_regulation,M4 + Regulation,coordinated,Coordinated,122.276480674746,238.223071479237,1665.90865436315,261,4606,1682,2924
26,26,M5_timing,M5 + Policy timing,baseline,Baseline,126.589364306853,357.457657755834,2404.22428334785,107,2616,1040,1576
26,26,M5_timing,M5 + Policy timing,early_mover,Early Mover,123.932669079424,254.94347426154,1711.75538128727,246,4551,1659,2892
26,26,M5_timing,M5 + Policy timing,sequential,Sequential,123.844012931589,234.614772413392,1618.11114364675,274,4735,1682,3053
26,26,M5_timing,M5 + Policy timing,coordinated,Coordinated,122.276480674746,238.223071479237,1665.90865436315,261,4606,1682,2924
26,26,M5_timing,M5 + Policy timing,delayed_coordination,Delayed Coordination,126.214547936605,239.235772188226,1615.37422035245,281,4793,1672,3121
27,27,M0_minimal,M0 Minimal adaptation,baseline,Baseline,99.1672516047452,451.713259076205,2988.69198316063,0,2921,1409,1512
27,27,M1_choice,M1 + Softmax choice,baseline,Baseline,93.0260693261109,451.713259076205,2988.69198316063,0,4021,1199,2822
27,27,M2_frictions,M2 + Switching costs,baseline,Baseline,99.641161396046,451.713259076205,2988.69198316063,0,2813,1092,1721
27,27,M3_recovery,M3 + Recovery,baseline,Baseline,127.218542208159,337.484915938539,2260.76550796118,125,3134,1037,2097
27,27,M4_regulation,M4 + Regulation,baseline,Baseline,127.218542208159,337.484915938539,2260.76550796118,125,3134,1037,2097
27,27,M4_regulation,M4 + Regulation,coordinated,Coordinated,116.461788228904,245.122828206648,1626.06125054267,263,5001,1721,3280
27,27,M5_timing,M5 + Policy timing,baseline,Baseline,127.218542208159,337.484915938539,2260.76550796118,125,3134,1037,2097
27,27,M5_timing,M5 + Policy timing,early_mover,Early Mover,124.942508454319,233.079592442313,1625.23261335279,275,5202,1744,3458
27,27,M5_timing,M5 + Policy timing,sequential,Sequential,119.536976880294,229.318130369392,1599.32288858309,258,5031,1770,3261
27,27,M5_timing,M5 + Policy timing,coordinated,Coordinated,116.461788228904,245.122828206648,1626.06125054267,263,5001,1721,3280
27,27,M5_timing,M5 + Policy timing,delayed_coordination,Delayed Coordination,119.476320303329,231.309154838792,1591.45491273148,273,5155,1724,3431
28,28,M0_minimal,M0 Minimal adaptation,baseline,Baseline,100.726286757759,451.415239095047,2976.27263496748,0,2773,1215,1558
28,28,M1_choice,M1 + Softmax choice,baseline,Baseline,94.5066359248228,451.415239095047,2976.27263496748,0,3843,1176,2667
28,28,M2_frictions,M2 + Switching costs,baseline,Baseline,101.608778905003,451.415239095047,2976.27263496748,0,2450,1060,1390
28,28,M3_recovery,M3 + Recovery,baseline,Baseline,124.742255646002,353.986643361903,2353.77302576447,104,2500,989,1511
28,28,M4_regulation,M4 + Regulation,baseline,Baseline,124.742255646002,353.986643361903,2353.77302576447,104,2500,989,1511
28,28,M4_regulation,M4 + Regulation,coordinated,Coordinated,114.696181704681,252.35026380957,1677.90604791742,252,4499,1573,2926
28,28,M5_timing,M5 + Policy timing,baseline,Baseline,124.742255646002,353.986643361903,2353.77302576447,104,2500,989,1511
28,28,M5_timing,M5 + Policy timing,early_mover,Early Mover,119.361318350245,256.844619232172,1674.036246878,259,4498,1570,2928
28,28,M5_timing,M5 + Policy timing,sequential,Sequential,119.839597635881,244.924963745588,1584.72421649941,279,4698,1594,3104
28,28,M5_timing,M5 + Policy timing,coordinated,Coordinated,114.696181704681,252.35026380957,1677.90604791742,252,4499,1573,2926
28,28,M5_timing,M5 + Policy timing,delayed_coordination,Delayed Coordination,117.322186732693,250.657033646103,1640.39616520006,259,4484,1569,2915
29,29,M0_minimal,M0 Minimal adaptation,baseline,Baseline,98.8800315871529,435.102709339274,3025.33478933206,0,3251,1359,1892
29,29,M1_choice,M1 + Softmax choice,baseline,Baseline,92.7852147605418,435.102709339274,3025.33478933206,0,3869,1133,2736
29,29,M2_frictions,M2 + Switching costs,baseline,Baseline,100.03365294038,435.102709339274,3025.33478933206,0,2714,980,1734
29,29,M3_recovery,M3 + Recovery,baseline,Baseline,129.037066993585,305.010777454786,2233.56764127595,136,3327,1044,2283
29,29,M4_regulation,M4 + Regulation,baseline,Baseline,129.037066993585,305.010777454786,2233.56764127595,136,3327,1044,2283
29,29,M4_regulation,M4 + Regulation,coordinated,Coordinated,123.26176108053,219.180351517578,1568.42567592571,303,5291,1851,3440
29,29,M5_timing,M5 + Policy timing,baseline,Baseline,129.037066993585,305.010777454786,2233.56764127595,136,3327,1044,2283
29,29,M5_timing,M5 + Policy timing,early_mover,Early Mover,126.45907570253,216.3795932513,1611.51876896182,274,5280,1816,3464
29,29,M5_timing,M5 + Policy timing,sequential,Sequential,125.846834172199,214.674722493752,1522.86560168508,285,5306,1862,3444
29,29,M5_timing,M5 + Policy timing,coordinated,Coordinated,123.26176108053,219.180351517578,1568.42567592571,303,5291,1851,3440
29,29,M5_timing,M5 + Policy timing,delayed_coordination,Delayed Coordination,123.006195486447,214.864852685979,1560.37550662005,284,5318,1872,3446
30,30,M0_minimal,M0 Minimal adaptation,baseline,Baseline,104.862793423641,446.934182115847,2987.57086286214,0,2521,1438,1083
30,30,M1_choice,M1 + Softmax choice,baseline,Baseline,94.2951904295061,446.934182115847,2987.57086286214,0,3675,1229,2446
30,30,M2_frictions,M2 + Switching costs,baseline,Baseline,106.386241385415,446.934182115847,2987.57086286214,0,2088,1007,1081
30,30,M3_recovery,M3 + Recovery,baseline,Baseline,127.372537620076,340.704187610911,2342.85360275288,110,2599,1111,1488
30,30,M4_regulation,M4 + Regulation,baseline,Baseline,127.372537620076,340.704187610911,2342.85360275288,110,2599,1111,1488
30,30,M4_regulation,M4 + Regulation,coordinated,Coordinated,116.010398661441,257.564145489519,1807.1542031432,236,4293,1636,2657
30,30,M5_timing,M5 + Policy timing,baseline,Baseline,127.372537620076,340.704187610911,2342.85360275288,110,2599,1111,1488
30,30,M5_timing,M5 + Policy timing,early_mover,Early Mover,120.08014978389,259.165409040523,1823.18651812331,210,4222,1584,2638
30,30,M5_timing,M5 + Policy timing,sequential,Sequential,118.227195897057,257.037926909716,1750.54922048735,240,4308,1685,2623
30,30,M5_timing,M5 + Policy timing,coordinated,Coordinated,116.010398661441,257.564145489519,1807.1542031432,236,4293,1636,2657
30,30,M5_timing,M5 + Policy timing,delayed_coordination,Delayed Coordination,121.307935273761,248.853383655047,1705.17607756443,248,4475,1676,2799
