replication,seed,scenario_A,scenario_B,delta_final_fitness_A_minus_B,delta_final_risk_A_minus_B,delta_final_trade_A_minus_B,delta_switches_A_minus_B
1,1,early_mover,sequential,-0.836902678597639,32.6248475357381,150.96935963576,-146
1,1,early_mover,coordinated,5.04217810815047,-11.8804407632494,1.77132999586024,-19
1,1,early_mover,delayed_coordination,-0.259841507593435,24.2252357234388,116.78152788067,-202
1,1,sequential,coordinated,5.8790807867481,-44.5052882989875,-149.1980296399,127
1,1,sequential,delayed_coordination,0.577061171004203,-8.39961181229933,-34.18783175509,-56
1,1,coordinated,delayed_coordination,-5.3020196157439,36.1056764866882,115.01019788481,-183
2,2,early_mover,sequential,2.80470501725577,9.43908809555546,58.3131629856739,-34
2,2,early_mover,coordinated,3.03053891826598,6.43077498943555,51.2659951821981,12
2,2,early_mover,delayed_coordination,3.11658150212884,-3.84292164897636,35.9835150772183,-51
2,2,sequential,coordinated,0.225833901010205,-3.00831310611991,-7.04716780347576,46
2,2,sequential,delayed_coordination,0.311876484873068,-13.2820097445318,-22.3296479084556,-17
2,2,coordinated,delayed_coordination,0.0860425838628629,-10.2736966384119,-15.2824801049799,-63
3,3,early_mover,sequential,0.560606993535231,18.9429630991922,79.1791671084034,-62
3,3,early_mover,coordinated,3.84749350497773,3.69545998908353,59.9383851463863,-104
3,3,early_mover,delayed_coordination,-1.99729776551291,19.3337142876566,147.99202677438,-206
3,3,sequential,coordinated,3.2868865114425,-15.2475031101087,-19.2407819620171,-42
3,3,sequential,delayed_coordination,-2.55790475904814,0.390751188464321,68.8128596659769,-144
3,3,coordinated,delayed_coordination,-5.84479127049065,15.638254298573,88.053641627994,-102
4,4,early_mover,sequential,3.58317040953293,-7.14696868657566,20.2225458162677,50
4,4,early_mover,coordinated,7.64009042972954,-47.0008834988551,-109.375605606315,300
4,4,early_mover,delayed_coordination,2.63766103049853,10.6265287901364,55.4950883781564,-149
4,4,sequential,coordinated,4.05692002019661,-39.8539148122794,-129.598151422583,250
4,4,sequential,delayed_coordination,-0.945509379034391,17.773497476712,35.2725425618887,-199
4,4,coordinated,delayed_coordination,-5.002429399231,57.6274122889915,164.870693984471,-449
5,5,early_mover,sequential,6.33667460863079,-5.06110253673711,-50.264690333493,168
5,5,early_mover,coordinated,8.19070112160142,-29.8477603240081,-115.205160316154,369
5,5,early_mover,delayed_coordination,5.06282270647074,-18.8356396548776,-57.4685984688522,196
5,5,sequential,coordinated,1.85402651297063,-24.786657787271,-64.9404699826609,201
5,5,sequential,delayed_coordination,-1.27385190216005,-13.7745371181405,-7.20390813535914,28
5,5,coordinated,delayed_coordination,-3.12787841513068,11.0121206691305,57.7365618473018,-173
6,6,early_mover,sequential,2.00380867975363,6.70930466227162,20.8808150843788,11
6,6,early_mover,coordinated,5.4042790212784,-2.25665329914784,-6.45357752206542,124
6,6,early_mover,delayed_coordination,2.34162700692877,7.37248169135481,10.3841654987368,69
6,6,sequential,coordinated,3.40047034152477,-8.96595796141946,-27.3343926064442,113
6,6,sequential,delayed_coordination,0.337818327175142,0.663177029083187,-10.496649585642,58
6,6,coordinated,delayed_coordination,-3.06265201434962,9.62913499050265,16.8377430208022,-55
7,7,early_mover,sequential,1.32899724532628,6.25328455019257,47.3037688787686,-140
7,7,early_mover,coordinated,0.337377159181187,19.993201055336,87.0009078854309,-338
7,7,early_mover,delayed_coordination,4.56771553940047,-1.47637440402445,7.04126307972729,-23
7,7,sequential,coordinated,-0.99162008614509,13.7399165051435,39.6971390066624,-198
7,7,sequential,delayed_coordination,3.23871829407419,-7.72965895421703,-40.2625057990413,117
7,7,coordinated,delayed_coordination,4.23033838021928,-21.4695754593605,-79.9596448057036,315
8,8,early_mover,sequential,5.80420275033485,-2.71370199019387,-31.0654118538444,77
8,8,early_mover,coordinated,5.53608906654733,-5.71226100018791,-75.1823326959704,144
8,8,early_mover,delayed_coordination,3.42057139901836,1.84286375162557,4.98054378569441,13
8,8,sequential,coordinated,-0.268113683787519,-2.99855900999404,-44.1169208421261,67
8,8,sequential,delayed_coordination,-2.3836313513165,4.55656574181944,36.0459556395388,-64
8,8,coordinated,delayed_coordination,-2.11551766752898,7.55512475181348,80.1628764816649,-131
9,9,early_mover,sequential,4.17611941772437,2.49613378597167,-39.387048206979,63
9,9,early_mover,coordinated,1.78466372359577,-5.80160434941075,15.0475188749617,24
9,9,early_mover,delayed_coordination,2.11309723205662,3.58541664293693,48.0287345478364,-68
9,9,sequential,coordinated,-2.3914556941286,-8.29773813538242,54.4345670819407,-39
9,9,sequential,delayed_coordination,-2.06302218566775,1.08928285696527,87.4157827548154,-131
9,9,coordinated,delayed_coordination,0.328433508460847,9.38702099234769,32.9812156728747,-92
10,10,early_mover,sequential,0.145023797022617,13.0684752543515,134.723483981617,-213
10,10,early_mover,coordinated,0.205143819471971,7.62610901932652,107.934239951697,-263
10,10,early_mover,delayed_coordination,-0.166700916917762,10.2156438202303,135.383441494626,-221
10,10,sequential,coordinated,0.0601200224493539,-5.44236623502496,-26.7892440299199,-50
10,10,sequential,delayed_coordination,-0.311724713940379,-2.85283143412119,0.659957513009203,-8
10,10,coordinated,delayed_coordination,-0.371844736389733,2.58953480090378,27.4492015429291,42
11,11,early_mover,sequential,-1.10784361573587,7.96119963066718,148.356754335811,-263
11,11,early_mover,coordinated,2.65402223206431,7.4786669941646,75.3906492344065,-133
11,11,early_mover,delayed_coordination,-0.281187752673304,12.9845016086092,114.595151538954,-84
11,11,sequential,coordinated,3.76186584780018,-0.482532636502583,-72.9661051014043,130
11,11,sequential,delayed_coordination,0.82665586306257,5.02330197794197,-33.7616027968572,179
11,11,coordinated,delayed_coordination,-2.93520998473761,5.50583461444455,39.2045023045471,49
12,12,early_mover,sequential,-0.562666693604655,9.59992421350236,97.0316031107116,-37
12,12,early_mover,coordinated,-2.07691717403215,2.48374372080539,94.994822139457,-121
12,12,early_mover,delayed_coordination,-1.64894290727567,9.94900643998366,112.493424316598,-65
12,12,sequential,coordinated,-1.51425048042749,-7.11618049269697,-2.03678097125453,-84
12,12,sequential,delayed_coordination,-1.08627621367101,0.3490822264813,15.4618212058863,-28
12,12,coordinated,delayed_coordination,0.427974266756479,7.46526271917827,17.4986021771408,56
13,13,early_mover,sequential,0.646327480238128,10.0206114189595,97.9321508242683,-104
13,13,early_mover,coordinated,4.06424693951836,-3.23500554074127,41.6116113661151,250
13,13,early_mover,delayed_coordination,1.11018820741961,7.13713985823756,61.3354235862937,-15
13,13,sequential,coordinated,3.41791945928023,-13.2556169597008,-56.3205394581532,354
13,13,sequential,delayed_coordination,0.463860727181483,-2.88347156072194,-36.5967272379746,89
13,13,coordinated,delayed_coordination,-2.95405873209874,10.3721453989788,19.7238122201786,-265
14,14,early_mover,sequential,3.16558462160565,1.67924398653602,27.8542729469414,75
14,14,early_mover,coordinated,-0.870271100773735,15.7615273413517,126.864277999505,-137
14,14,early_mover,delayed_coordination,6.15893302759964,-26.3089006518352,-49.6084159206152,190
14,14,sequential,coordinated,-4.03585572237938,14.0822833548157,99.0100050525634,-212
14,14,sequential,delayed_coordination,2.993348405994,-27.9881446383712,-77.4626888675566,115
14,14,coordinated,delayed_coordination,7.02920412837338,-42.0704279931869,-176.47269392012,327
15,15,early_mover,sequential,1.38255957957797,8.8450722284577,75.8139386394748,-117
15,15,early_mover,coordinated,0.10507367036206,17.9223621804725,141.335045636033,-244
15,15,early_mover,delayed_coordination,0.951336347014248,19.1499749261505,88.4653182627076,-96
15,15,sequential,coordinated,-1.27748590921591,9.07728995201478,65.5211069965583,-127
15,15,sequential,delayed_coordination,-0.431223232563724,10.3049026976928,12.6513796232327,21
15,15,coordinated,delayed_coordination,0.846262676652188,1.22761274567799,-52.8697273733255,148
16,16,early_mover,sequential,0.529444771317458,19.8561032336769,60.0911789219524,-129
16,16,early_mover,coordinated,5.40532679070958,14.58408886807,7.72138819700967,-97
16,16,early_mover,delayed_coordination,-0.510321096927143,20.2553647290299,75.1361116248936,-143
16,16,sequential,coordinated,4.87588201939212,-5.27201436560685,-52.3697907249427,32
16,16,sequential,delayed_coordination,-1.0397658682446,0.399261495353045,15.0449327029412,-14
16,16,coordinated,delayed_coordination,-5.91564788763672,5.67127586095989,67.4147234278839,-46
17,17,early_mover,sequential,1.69696684046595,7.97917503594499,93.3659000562375,-46
17,17,early_mover,coordinated,4.07924305035863,15.6942986602701,28.6096432767115,135
17,17,early_mover,delayed_coordination,0.730816663826786,22.878819875927,101.203124504858,-44
17,17,sequential,coordinated,2.38227620989268,7.71512362432509,-64.756256779526,181
17,17,sequential,delayed_coordination,-0.966150176639161,14.899644839982,7.83722444862019,2
17,17,coordinated,delayed_coordination,-3.34842638653184,7.18452121565693,72.5934812281462,-179
18,18,early_mover,sequential,-2.09514216919921,12.6334251732266,77.8568025464435,-164
18,18,early_mover,coordinated,-1.19321138238624,11.3282560180677,34.286439480567,-88
18,18,early_mover,delayed_coordination,-3.39734183393134,18.4152152745806,58.7159565681159,-149
18,18,sequential,coordinated,0.901930786812969,-1.30516915515886,-43.5703630658766,76
18,18,sequential,delayed_coordination,-1.30219966473213,5.78179010135409,-19.1408459783277,15
18,18,coordinated,delayed_coordination,-2.2041304515451,7.08695925651296,24.4295170875489,-61
19,19,early_mover,sequential,0.36880747752825,5.5834126404522,67.1317701838041,-166
19,19,early_mover,coordinated,0.863012173037149,20.060990219131,72.3527126083507,-282
19,19,early_mover,delayed_coordination,2.75037051288446,-0.549852285531131,-3.82484897197514,-58
19,19,sequential,coordinated,0.494204695508898,14.4775775786788,5.22094242454659,-116
19,19,sequential,delayed_coordination,2.38156303535621,-6.13326492598333,-70.9566191557792,108
19,19,coordinated,delayed_coordination,1.88735833984731,-20.6108425046621,-76.1775615803258,224
20,20,early_mover,sequential,5.02141181128502,-0.2230420538842,7.31628441467183,61
20,20,early_mover,coordinated,12.8180217802734,-20.1202519908591,-208.417155608404,629
20,20,early_mover,delayed_coordination,5.61984184683332,-11.7537048905278,-31.2620599763884,84
20,20,sequential,coordinated,7.79660996898836,-19.8972099369749,-215.733440023076,568
20,20,sequential,delayed_coordination,0.598430035548304,-11.5306628366436,-38.5783443910602,23
20,20,coordinated,delayed_coordination,-7.19817993344006,8.36654710033127,177.155095632016,-545
21,21,early_mover,sequential,0.682084775803474,13.5090765304985,88.3807263398407,-63
21,21,early_mover,coordinated,-1.6268582631822,23.6112966611599,103.447908205026,-246
21,21,early_mover,delayed_coordination,0.366595399772677,13.1296297355473,91.5483652558619,-143
21,21,sequential,coordinated,-2.30894303898567,10.1022201306614,15.0671818651854,-183
21,21,sequential,delayed_coordination,-0.315489376030797,-0.37944679495115,3.16763891602113,-80
21,21,coordinated,delayed_coordination,1.99345366295488,-10.4816669256126,-11.8995429491642,103
22,22,early_mover,sequential,5.11914727425732,-0.897090313135834,-18.5080741212926,262
22,22,early_mover,coordinated,1.1362410293368,5.8565249554087,39.6789385275597,-199
22,22,early_mover,delayed_coordination,0.771732533924236,17.1622361037516,49.7300041668932,-55
22,22,sequential,coordinated,-3.98290624492051,6.75361526854454,58.1870126488523,-461
22,22,sequential,delayed_coordination,-4.34741474033308,18.0593264168875,68.2380782881858,-317
22,22,coordinated,delayed_coordination,-0.364508495412565,11.3057111483429,10.0510656393335,144
23,23,early_mover,sequential,-0.545039166269504,15.8388587029232,98.6156141442843,-146
23,23,early_mover,coordinated,0.702610000569763,10.4150348472873,19.5713889760289,157
23,23,early_mover,delayed_coordination,1.99865088710136,11.8398870443691,64.2221947511368,-52
23,23,sequential,coordinated,1.24764916683927,-5.42382385563593,-79.0442251682555,303
23,23,sequential,delayed_coordination,2.54369005337087,-3.9989716585541,-34.3934193931475,94
23,23,coordinated,delayed_coordination,1.2960408865316,1.42485219708183,44.650805775108,-209
24,24,early_mover,sequential,-1.27793788235054,11.2880083476286,81.4156304100038,-62
24,24,early_mover,coordinated,3.59688971424119,8.69831372402504,-26.9312573313482,113
24,24,early_mover,delayed_coordination,-1.11671224273927,13.2509302974629,90.3286385919703,-87
24,24,sequential,coordinated,4.87482759659173,-2.58969462360361,-108.346887741352,175
24,24,sequential,delayed_coordination,0.161225639611274,1.96292194983428,8.91300818196646,-25
24,24,coordinated,delayed_coordination,-4.71360195698045,4.55261657343789,117.259895923318,-200
25,25,early_mover,sequential,3.15696887570947,-10.0104281384758,24.2511936704914,-2
25,25,early_mover,coordinated,5.53736596694002,-14.3160795865891,-36.1319654378112,32
25,25,early_mover,delayed_coordination,2.52990927505081,-0.650816670563955,38.380910877589,-28
25,25,sequential,coordinated,2.38039709123055,-4.30565144811331,-60.3831591083026,34
25,25,sequential,delayed_coordination,-0.627059600658654,9.35961146791186,14.1297172070977,-26
25,25,coordinated,delayed_coordination,-3.0074566918892,13.6652629160252,74.5128763154003,-60
26,26,early_mover,sequential,-1.28035590409034,2.77194039094019,100.984883044387,-119
26,26,early_mover,coordinated,0.929958108387069,-3.21782366528544,71.7755128856093,-106
26,26,early_mover,delayed_coordination,-2.0310959414837,3.24397253125073,80.8515053473468,-178
26,26,sequential,coordinated,2.21031401247741,-5.98976405622562,-29.2093701587773,13
26,26,sequential,delayed_coordination,-0.750740037393356,0.472032140310546,-20.1333776970398,-59
26,26,coordinated,delayed_coordination,-2.96105404987077,6.46179619653617,9.07599246173754,-72
27,27,early_mover,sequential,-0.45978195282656,4.26968576539633,109.559691299894,25
27,27,early_mover,coordinated,4.19416881239346,-24.3770916751943,17.6117555857531,377
27,27,early_mover,delayed_coordination,3.73773642561339,-7.04574964442497,62.2477558758831,-15
27,27,sequential,coordinated,4.65395076522002,-28.6467774405906,-91.9479357141408,352
27,27,sequential,delayed_coordination,4.19751837843995,-11.3154354098213,-47.3119354240109,-40
27,27,coordinated,delayed_coordination,-0.456432386780065,17.3313420307693,44.6360002901299,-392
28,28,early_mover,sequential,-1.47467001467041,7.79170870150364,124.683269667238,-171
28,28,early_mover,coordinated,3.40208305714785,1.11576904095367,65.6041261721455,122
28,28,early_mover,delayed_coordination,0.783499728360596,10.1898191636496,99.0309920866487,-122
28,28,sequential,coordinated,4.87675307181826,-6.67593966054997,-59.0791434950925,293
28,28,sequential,delayed_coordination,2.258169743031,2.39811046214601,-25.6522775805893,49
28,28,coordinated,delayed_coordination,-2.61858332878725,9.07405012269598,33.4268659145032,-244
29,29,early_mover,sequential,1.92089117190001,19.0889931342245,78.513486151759,-22
29,29,early_mover,coordinated,5.6482524644985,29.7317269170988,40.1333685802306,62
29,29,early_mover,delayed_coordination,1.45882405589535,24.2562235667269,63.5585063540611,-88
29,29,sequential,coordinated,3.72736129259849,10.6427337828743,-38.3801175715284,84
29,29,sequential,delayed_coordination,-0.462067116004661,5.16723043250238,-14.9549797976979,-66
29,29,coordinated,delayed_coordination,-4.18942840860315,-5.47550335037192,23.4251377738306,-150
30,30,early_mover,sequential,0.926926942905936,18.4359249766807,86.2880707231454,-113
30,30,early_mover,coordinated,-0.78546817933082,22.4604355662517,125.078607762354,-375
30,30,early_mover,delayed_coordination,0.638312378043622,15.2870121443119,83.81415815439,-46
30,30,sequential,coordinated,-1.71239512223676,4.02451058957107,38.7905370392082,-262
30,30,sequential,delayed_coordination,-0.288614564862314,-3.14891283236872,-2.4739125687554,67
30,30,coordinated,delayed_coordination,1.42378055737444,-7.17342342193979,-41.2644496079636,329
31,31,early_mover,sequential,4.71290085748041,11.4542715641418,31.7059254417768,-16
31,31,early_mover,coordinated,5.16488350828921,8.84491390132422,22.9103470225307,-201
31,31,early_mover,delayed_coordination,3.17897481848637,18.0980767844096,55.6672526412021,9
31,31,sequential,coordinated,0.451982650808802,-2.60935766281756,-8.79557841924611,-185
31,31,sequential,delayed_coordination,-1.53392603899404,6.64380522026778,23.9613271994253,25
31,31,coordinated,delayed_coordination,-1.98590868980284,9.25316288308534,32.7569056186715,210
32,32,early_mover,sequential,0.716958073160825,9.48092791071264,67.00342444952,-86
32,32,early_mover,coordinated,6.57214007956986,-10.2293954773756,-48.0064417166277,262
32,32,early_mover,delayed_coordination,0.160663110677291,12.2490322993016,72.6698782007975,-72
32,32,sequential,coordinated,5.85518200640904,-19.7103233880882,-115.009866166148,348
32,32,sequential,delayed_coordination,-0.556294962483534,2.76810438858899,5.66645375127746,14
32,32,coordinated,delayed_coordination,-6.41147696889257,22.4784277766772,120.676319917425,-334
33,33,early_mover,sequential,-1.27610387257113,11.2160966682822,117.86211260896,-312
33,33,early_mover,coordinated,3.47446393019216,5.51542548974172,-7.70279705531379,-237
33,33,early_mover,delayed_coordination,0.396702124573395,10.1022157061018,70.3173851656866,-161
33,33,sequential,coordinated,4.75056780276329,-5.70067117854049,-125.564909664274,75
33,33,sequential,delayed_coordination,1.67280599714452,-1.11388096218036,-47.5447274432738,151
33,33,coordinated,delayed_coordination,-3.07776180561876,4.58679021636013,78.0201822210004,76
34,34,early_mover,sequential,0.684962703548024,-3.08225777737573,69.8094843466477,-66
34,34,early_mover,coordinated,-1.92866549464563,21.1261379798892,87.0801989776419,-62
34,34,early_mover,delayed_coordination,1.73952120747798,-5.14512841361679,50.730168042739,-48
34,34,sequential,coordinated,-2.61362819819365,24.2083957572649,17.2707146309942,4
34,34,sequential,delayed_coordination,1.05455850392995,-2.06287063624106,-19.0793163039086,18
34,34,coordinated,delayed_coordination,3.66818670212361,-26.271266393506,-36.3500309349029,14
35,35,early_mover,sequential,2.47591190702261,5.83718325053968,66.0714988948414,-131
35,35,early_mover,coordinated,1.55410946129774,-1.56204780829316,92.049735064056,-240
35,35,early_mover,delayed_coordination,1.54833421557286,2.09035187655564,89.5192085324136,-160
35,35,sequential,coordinated,-0.921802445724865,-7.39923105883284,25.9782361692146,-109
35,35,sequential,delayed_coordination,-0.927577691449741,-3.74683137398404,23.4477096375722,-29
35,35,coordinated,delayed_coordination,-0.00577524572487675,3.6523996848488,-2.53052653164241,80
36,36,early_mover,sequential,3.06347867435061,16.7747576032295,54.7069185459204,15
36,36,early_mover,coordinated,6.61449161294439,10.7444013236338,16.4510047485419,111
36,36,early_mover,delayed_coordination,3.25156016358144,19.5422433028465,91.2839847464004,42
36,36,sequential,coordinated,3.55101293859379,-6.03035627959574,-38.2559137973785,96
36,36,sequential,delayed_coordination,0.188081489230839,2.767485699617,36.57706620048,27
36,36,coordinated,delayed_coordination,-3.36293144936295,8.79784197921273,74.8329799978585,-69
37,37,early_mover,sequential,2.1060365485793,12.2216555891861,66.5935995916434,-96
37,37,early_mover,coordinated,0.772128384469028,9.1899123087872,41.2570632664731,45
37,37,early_mover,delayed_coordination,1.79409842326086,6.59212697754299,63.0052433470087,-61
37,37,sequential,coordinated,-1.33390816411027,-3.03174328039887,-25.3365363251703,141
37,37,sequential,delayed_coordination,-0.311938125318434,-5.62952861164308,-3.58835624463472,35
37,37,coordinated,delayed_coordination,1.02197003879184,-2.59778533124421,21.7481800805356,-106
38,38,early_mover,sequential,-1.09514044284653,10.6900257361114,98.6242699361194,-103
38,38,early_mover,coordinated,0.164465231524616,4.23378703441477,49.9039726340332,-137
38,38,early_mover,delayed_coordination,-2.22700622903312,11.1774963904022,117.379323796823,-72
38,38,sequential,coordinated,1.25960567437114,-6.45623870169658,-48.7202973020862,-34
38,38,sequential,delayed_coordination,-1.13186578618659,0.487470654290803,18.755053860704,31
38,38,coordinated,delayed_coordination,-2.39147146055774,6.94370935598738,67.4753511627903,65
39,39,early_mover,sequential,3.58731113647951,7.26435807514284,26.6706484447902,108
39,39,early_mover,coordinated,9.33434445039731,-5.77202451226094,-56.4845743424989,308
39,39,early_mover,delayed_coordination,1.94945098625308,11.572208463606,52.814948437084,56
39,39,sequential,coordinated,5.7470333139178,-13.0363825874038,-83.1552227872892,200
39,39,sequential,delayed_coordination,-1.63786015022643,4.30785038846321,26.1442999922938,-52
39,39,coordinated,delayed_coordination,-7.38489346414423,17.344232975867,109.299522779583,-252
40,40,early_mover,sequential,4.05665038123138,7.36462088058852,35.4397352917792,41
40,40,early_mover,coordinated,6.30456301489312,-1.35592591332247,9.01763425869513,131
40,40,early_mover,delayed_coordination,4.89075460966502,7.60756650453567,42.87845641323,49
40,40,sequential,coordinated,2.24791263366174,-8.72054679391098,-26.4221010330841,90
40,40,sequential,delayed_coordination,0.834104228433645,0.242945623947151,7.43872112145073,8
40,40,coordinated,delayed_coordination,-1.4138084052281,8.96349241785813,33.8608221545348,-82
41,41,early_mover,sequential,-0.562094761040825,5.01660445452012,49.8049291597167,50
41,41,early_mover,coordinated,0.906178214952689,8.65089061154669,-12.676015432593,196
41,41,early_mover,delayed_coordination,-2.92689959589708,17.7379399181019,137.771984389126,-51
41,41,sequential,coordinated,1.46827297599351,3.63428615702657,-62.4809445923097,146
41,41,sequential,delayed_coordination,-2.36480483485626,12.7213354635818,87.9670552294097,-101
41,41,coordinated,delayed_coordination,-3.83307781084977,9.0870493065552,150.447999821719,-247
42,42,early_mover,sequential,7.48950531273181,-10.3700846799419,-64.9828050632268,503
42,42,early_mover,coordinated,6.33821423819994,-23.0299751554178,-118.472687906379,490
42,42,early_mover,delayed_coordination,7.38113172831922,-1.55526920181003,-62.8182196910955,466
42,42,sequential,coordinated,-1.15129107453187,-12.6598904754759,-53.4898828431526,-13
42,42,sequential,delayed_coordination,-0.10837358441259,8.81481547813186,2.16458537213134,-37
42,42,coordinated,delayed_coordination,1.04291749011928,21.4747059536078,55.6544682152839,-24
43,43,early_mover,sequential,0.997342790129167,8.79329118172078,58.0637520867767,-51
43,43,early_mover,coordinated,2.8383506541508,4.19149798692311,12.4816398601583,64
43,43,early_mover,delayed_coordination,2.55693657133141,-0.843011003543666,56.2576941136126,-44
43,43,sequential,coordinated,1.84100786402163,-4.60179319479766,-45.5821122266184,115
43,43,sequential,delayed_coordination,1.55959378120224,-9.63630218526444,-1.80605797316412,7
43,43,coordinated,delayed_coordination,-0.281414082819396,-5.03450899046678,43.7760542534543,-108
44,44,early_mover,sequential,5.46707436897957,3.89670786741129,-2.08656352236198,41
44,44,early_mover,coordinated,0.30052710434633,14.1727015106625,74.2190873615677,-318
44,44,early_mover,delayed_coordination,4.79448573079523,1.55987723973999,5.9572657570227,25
44,44,sequential,coordinated,-5.16654726463324,10.2759936432512,76.3056508839297,-359
44,44,sequential,delayed_coordination,-0.672588638184337,-2.3368306276713,8.04382927938468,-16
44,44,coordinated,delayed_coordination,4.4939586264489,-12.6128242709225,-68.261821604545,343
45,45,early_mover,sequential,5.44651018569542,-5.05179605531373,40.2776810921439,5
45,45,early_mover,coordinated,7.03667828059578,-18.3298780322284,6.88934562686336,-77
45,45,early_mover,delayed_coordination,3.16484531565975,0.117852100226116,83.936484007427,-88
45,45,sequential,coordinated,1.59016809490036,-13.2780819769147,-33.3883354652805,-82
45,45,sequential,delayed_coordination,-2.28166487003567,5.16964815553985,43.6588029152831,-93
45,45,coordinated,delayed_coordination,-3.87183296493603,18.4477301324545,77.0471383805636,-11
46,46,early_mover,sequential,-0.805972141093008,20.7997511866068,116.462743890354,-86
46,46,early_mover,coordinated,6.6592983454927,-10.8184192628447,-88.3858353494484,218
46,46,early_mover,delayed_coordination,0.865817349716764,11.4732607735492,73.4983648423131,-46
46,46,sequential,coordinated,7.46527048658571,-31.6181704494516,-204.848579239802,304
46,46,sequential,delayed_coordination,1.67178949080977,-9.32649041305763,-42.9643790480404,40
46,46,coordinated,delayed_coordination,-5.79348099577594,22.2916800363939,161.884200191761,-264
47,47,early_mover,sequential,1.69161554508611,-1.20447740682451,91.9311915256771,-54
47,47,early_mover,coordinated,8.63287044815395,-19.552027900937,-10.1041020778628,216
47,47,early_mover,delayed_coordination,1.08138646402278,-6.24094198990005,83.056162723329,-7
47,47,sequential,coordinated,6.94125490306784,-18.3475504941125,-102.03529360354,270
47,47,sequential,delayed_coordination,-0.610229081063324,-5.03646458307554,-8.8750288023482,47
47,47,coordinated,delayed_coordination,-7.55148398413117,13.3110859110369,93.1602648011917,-223
48,48,early_mover,sequential,4.69199172013646,-10.6241726361937,-4.82530101473776,241
48,48,early_mover,coordinated,6.81765832254573,-27.7024032045791,-95.8249746513684,680
48,48,early_mover,delayed_coordination,1.54334106852882,1.46370301993625,47.5480713651777,70
48,48,sequential,coordinated,2.12566660240927,-17.0782305683854,-90.9996736366306,439
48,48,sequential,delayed_coordination,-3.14865065160764,12.0878756561299,52.3733723799155,-171
48,48,coordinated,delayed_coordination,-5.27431725401691,29.1661062245153,143.373046016546,-610
49,49,early_mover,sequential,3.87144221186367,4.167559696387,38.727342749552,63
49,49,early_mover,coordinated,4.21329318968215,5.5967354355663,35.4269538745511,-186
49,49,early_mover,delayed_coordination,4.20381364673133,3.60256745035485,5.22256955136936,-13
49,49,sequential,coordinated,0.341850977818481,1.4291757391793,-3.30038887500086,-249
49,49,sequential,delayed_coordination,0.332371434867667,-0.564992246032148,-33.5047731981826,-76
49,49,coordinated,delayed_coordination,-0.00947954295081388,-1.99416798521145,-30.2043843231818,173
50,50,early_mover,sequential,3.20804482449417,3.15264804245351,17.4507882340729,51
50,50,early_mover,coordinated,6.02949324233971,-7.84366152715771,-79.3188059268148,212
50,50,early_mover,delayed_coordination,2.07349000338708,9.83947702214348,47.3279125936997,8
50,50,sequential,coordinated,2.82144841784555,-10.9963095696112,-96.7695941608877,161
50,50,sequential,delayed_coordination,-1.13455482110709,6.68682897968998,29.8771243596268,-43
50,50,coordinated,delayed_coordination,-3.95600323895263,17.6831385493012,126.646718520514,-204
51,51,early_mover,sequential,1.19807758092284,22.2801454892752,55.7490995594153,33
51,51,early_mover,coordinated,-7.83593310647166,47.7195016168543,239.600227444567,-610
51,51,early_mover,delayed_coordination,0.807585423882912,22.3523223407198,68.3305965415914,-65
51,51,sequential,coordinated,-9.0340106873945,25.4393561275791,183.851127885152,-643
51,51,sequential,delayed_coordination,-0.39049215703993,0.0721768514445387,12.5814969821761,-98
51,51,coordinated,delayed_coordination,8.64351853035457,-25.3671792761346,-171.269630902976,545
52,52,early_mover,sequential,4.48769349948851,-10.0942823324511,0.757134104929264,144
52,52,early_mover,coordinated,7.2263376577867,-16.9821077221942,-20.654287938087,443
52,52,early_mover,delayed_coordination,3.74146139662631,-0.911404241364664,25.791692611499,104
52,52,sequential,coordinated,2.73864415829819,-6.88782538974306,-21.4114220430163,299
52,52,sequential,delayed_coordination,-0.746232102862209,9.18287809108648,25.0345585065697,-40
52,52,coordinated,delayed_coordination,-3.48487626116039,16.0707034808295,46.445980549586,-339
53,53,early_mover,sequential,-0.409669783916868,3.13411050409979,20.2160156771961,-124
53,53,early_mover,coordinated,0.613717266427983,2.58500873910893,76.8457871514393,-245
53,53,early_mover,delayed_coordination,1.9853474510705,-0.639646187321176,-20.4654803429403,-15
53,53,sequential,coordinated,1.02338705034485,-0.549101764990866,56.6297714742432,-121
53,53,sequential,delayed_coordination,2.39501723498736,-3.77375669142097,-40.6814960201364,109
53,53,coordinated,delayed_coordination,1.37163018464251,-3.22465492643011,-97.3112674943795,230
54,54,early_mover,sequential,2.22733596511821,17.1656367794475,135.97417015015,-163
54,54,early_mover,coordinated,4.34751964509549,1.61481989525956,37.0992012255431,89
54,54,early_mover,delayed_coordination,5.3946487252831,8.87042804213141,51.0521988794374,82
54,54,sequential,coordinated,2.12018367997727,-15.550816884188,-98.8749689246074,252
54,54,sequential,delayed_coordination,3.16731276016489,-8.2952087373161,-84.9219712707131,245
54,54,coordinated,delayed_coordination,1.04712908018762,7.25560814687185,13.9529976538943,-7
55,55,early_mover,sequential,1.49983950417955,5.86746281232303,74.8317944036153,-75
55,55,early_mover,coordinated,2.93520399717958,-9.72180854021747,26.0037419337341,69
55,55,early_mover,delayed_coordination,0.900025660317866,14.2442090735078,94.3451293738326,-132
55,55,sequential,coordinated,1.43536449300004,-15.5892713525405,-48.8280524698812,144
55,55,sequential,delayed_coordination,-0.599813843861682,8.37674626118476,19.5133349702173,-57
55,55,coordinated,delayed_coordination,-2.03517833686172,23.9660176137253,68.3413874400985,-201
56,56,early_mover,sequential,4.83476371372774,4.90172839981028,29.866331974041,170
56,56,early_mover,coordinated,5.2399274693912,1.12641610767753,-10.7861744319778,60
56,56,early_mover,delayed_coordination,4.79950235615662,4.61456442893353,8.42849259010495,185
56,56,sequential,coordinated,0.405163755663466,-3.77531229213275,-40.6525064060188,-110
56,56,sequential,delayed_coordination,-0.035261357571116,-0.287163970876747,-21.4378393839361,15
56,56,coordinated,delayed_coordination,-0.440425113234582,3.48814832125601,19.2146670220827,125
57,57,early_mover,sequential,0.91585475403248,29.3275864801311,98.369729639159,-120
57,57,early_mover,coordinated,1.10964142712676,30.1323234730146,75.5524974280031,-152
57,57,early_mover,delayed_coordination,0.359249328861424,17.874110724043,119.396507361089,-191
57,57,sequential,coordinated,0.19378667309428,0.804736992883448,-22.8172322111559,-32
57,57,sequential,delayed_coordination,-0.556605425171057,-11.4534757560881,21.0267777219301,-71
57,57,coordinated,delayed_coordination,-0.750392098265337,-12.2582127489715,43.844009933086,-39
58,58,early_mover,sequential,1.77671859871407,14.242676493074,90.7016495381279,-49
58,58,early_mover,coordinated,1.94404016725784,2.33747012369901,44.1801811077862,0
58,58,early_mover,delayed_coordination,2.48662447640613,7.56678922349039,75.0831604739449,-74
58,58,sequential,coordinated,0.16732156854377,-11.905206369375,-46.5214684303417,49
58,58,sequential,delayed_coordination,0.709905877692066,-6.67588726958357,-15.618489064183,-25
58,58,coordinated,delayed_coordination,0.542584309148296,5.22931909979138,30.9029793661587,-74
59,59,early_mover,sequential,-1.33301037667835,26.4173028841358,116.609463031162,5
59,59,early_mover,coordinated,-3.26602587372692,10.511293735109,83.4784663529265,-45
59,59,early_mover,delayed_coordination,3.22556998850811,19.4288211354822,81.3642748543084,27
59,59,sequential,coordinated,-1.93301549704857,-15.9060091490268,-33.1309966782353,-50
59,59,sequential,delayed_coordination,4.55858036518646,-6.98848174865358,-35.2451881768534,22
59,59,coordinated,delayed_coordination,6.49159586223503,8.91752740037325,-2.11419149861808,72
60,60,early_mover,sequential,1.95819755025694,13.4846097814456,32.7206926004205,74
60,60,early_mover,coordinated,10.4429363246321,-23.8002743656907,-115.887147074146,726
60,60,early_mover,delayed_coordination,5.28593545324418,-0.307521099016299,-6.4670512572136,69
60,60,sequential,coordinated,8.48473877437519,-37.2848841471363,-148.607839674567,652
60,60,sequential,delayed_coordination,3.32773790298724,-13.7921308804619,-39.1877438576341,-5
60,60,coordinated,delayed_coordination,-5.15700087138795,23.4927532666744,109.420095816932,-657
61,61,early_mover,sequential,-1.17964314173039,18.7599693590165,69.1980971823259,-105
61,61,early_mover,coordinated,2.54739689848915,13.9504471736927,-6.37206210404747,122
61,61,early_mover,delayed_coordination,0.839351411130366,0.887663994130207,38.066682059286,-35
61,61,sequential,coordinated,3.72704004021955,-4.80952218532371,-75.5701592863734,227
61,61,sequential,delayed_coordination,2.01899455286076,-17.8723053648862,-31.1314151230399,70
61,61,coordinated,delayed_coordination,-1.70804548735879,-13.0627831795625,44.4387441633335,-157
62,62,early_mover,sequential,3.33511038812631,2.18323929733072,25.1665995173976,-28
62,62,early_mover,coordinated,6.74010669243192,-29.541449544953,-59.9262066356619,182
62,62,early_mover,delayed_coordination,4.00243678094317,4.30504067210794,-7.73327868855927,28
62,62,sequential,coordinated,3.40499630430561,-31.7246888422837,-85.0928061530594,210
62,62,sequential,delayed_coordination,0.667326392816861,2.12180137477722,-32.8998782059568,56
62,62,coordinated,delayed_coordination,-2.73766991148875,33.8464902170609,52.1929279471026,-154
63,63,early_mover,sequential,1.0342278105105,13.053666635384,69.1527368323505,-13
63,63,early_mover,coordinated,0.262277217051818,10.5260824447341,5.74938864119849,-133
63,63,early_mover,delayed_coordination,-1.03458984676224,16.9663034975206,121.94150194475,-204
63,63,sequential,coordinated,-0.771950593458683,-2.52758419064997,-63.403348191152,-120
63,63,sequential,delayed_coordination,-2.06881765727275,3.91263686213657,52.7887651123999,-191
63,63,coordinated,delayed_coordination,-1.29686706381406,6.44022105278654,116.192113303552,-71
64,64,early_mover,sequential,5.11948904175858,-0.373386842955199,9.0112712029736,212
64,64,early_mover,coordinated,7.80393956874542,-9.42821697604592,-56.4555855579474,340
64,64,early_mover,delayed_coordination,5.83126823136246,6.95006793465876,-2.06709506072002,166
64,64,sequential,coordinated,2.68445052698684,-9.05483013309072,-65.466856760921,128
64,64,sequential,delayed_coordination,0.711779189603874,7.32345477761396,-11.0783662636936,-46
64,64,coordinated,delayed_coordination,-1.97267133738296,16.3782849107047,54.3884904972274,-174
65,65,early_mover,sequential,6.01807209993834,-9.32863380558294,31.1610173893523,241
65,65,early_mover,coordinated,9.27061067989678,-20.0999233574501,-59.4357794251594,410
65,65,early_mover,delayed_coordination,0.888491672673865,15.9343845236523,102.385667181247,15
65,65,sequential,coordinated,3.25253857995844,-10.7712895518671,-90.5967968145117,169
65,65,sequential,delayed_coordination,-5.12958042726447,25.2630183292353,71.2246497918943,-226
65,65,coordinated,delayed_coordination,-8.38211900722291,36.0343078811024,161.821446606406,-395
66,66,early_mover,sequential,5.20299502080843,5.54412176883289,40.6088222806404,122
66,66,early_mover,coordinated,9.9691361441739,-16.9024421222132,-95.0555321137215,345
66,66,early_mover,delayed_coordination,5.16363787103316,1.13094571929213,21.2419216158485,38
66,66,sequential,coordinated,4.76614112336547,-22.4465638910461,-135.664354394362,223
66,66,sequential,delayed_coordination,-0.0393571497752703,-4.41317604954077,-19.366900664792,-84
66,66,coordinated,delayed_coordination,-4.80549827314074,18.0333878415053,116.29745372957,-307
67,67,early_mover,sequential,3.15320364580923,2.39303052937061,30.0496400905088,-42
67,67,early_mover,coordinated,4.14747413881103,2.59074083952686,29.2186332291872,-19
67,67,early_mover,delayed_coordination,1.44591458573383,6.61588872509455,58.1458521781256,-98
67,67,sequential,coordinated,0.994270493001807,0.197710310156253,-0.831006861321612,23
67,67,sequential,delayed_coordination,-1.7072890600754,4.22285819572394,28.0962120876168,-56
67,67,coordinated,delayed_coordination,-2.7015595530772,4.02514788556769,28.9272189489384,-79
68,68,early_mover,sequential,1.17763344348459,20.4898388864657,120.386120847792,-170
68,68,early_mover,coordinated,4.73484681165145,12.4479868765758,27.664250292007,75
68,68,early_mover,delayed_coordination,0.937026770970263,14.3937382299167,92.8979446081155,-53
68,68,sequential,coordinated,3.55721336816686,-8.04185200988996,-92.7218705557852,245
68,68,sequential,delayed_coordination,-0.240606672514332,-6.096100656549,-27.4881762396767,117
68,68,coordinated,delayed_coordination,-3.79782004068119,1.94575135334097,65.2336943161085,-128
69,69,early_mover,sequential,0.369422831392825,14.3316435479548,69.557875273812,-63
69,69,early_mover,coordinated,2.73939165797815,11.324149959277,39.3802512322704,113
69,69,early_mover,delayed_coordination,-0.44244439075095,19.1404594891624,96.8291180839567,-177
69,69,sequential,coordinated,2.36996882658532,-3.00749358867785,-30.1776240415415,176
69,69,sequential,delayed_coordination,-0.811867222143775,4.80881594120763,27.2712428101447,-114
69,69,coordinated,delayed_coordination,-3.1818360487291,7.81630952988547,57.4488668516863,-290
70,70,early_mover,sequential,-1.18936064624788,22.7365503290762,126.399566205491,-219
70,70,early_mover,coordinated,0.0822481960784813,18.0130492693821,106.743646163514,-237
70,70,early_mover,delayed_coordination,1.3701256101631,5.63202480207769,84.6203250022595,-90
70,70,sequential,coordinated,1.27160884232636,-4.72350105969417,-19.6559200419774,-18
70,70,sequential,delayed_coordination,2.55948625641098,-17.1045255269985,-41.7792412032315,129
70,70,coordinated,delayed_coordination,1.28787741408462,-12.3810244673044,-22.1233211612541,147
71,71,early_mover,sequential,0.815979495238508,6.17252761672873,57.6980245162149,-31
71,71,early_mover,coordinated,2.41874737967591,-4.73545342544526,15.0296083081851,90
71,71,early_mover,delayed_coordination,1.37362262802257,0.900145101577181,53.0063160918271,14
71,71,sequential,coordinated,1.6027678844374,-10.907981042174,-42.6684162080298,121
71,71,sequential,delayed_coordination,0.557643132784065,-5.27238251515155,-4.6917084243878,45
71,71,coordinated,delayed_coordination,-1.04512475165333,5.63559852702244,37.976707783642,-76
72,72,early_mover,sequential,5.09605281184915,2.89903222049236,-5.87914822507446,210
72,72,early_mover,coordinated,7.65283028506286,0.603971470869851,-57.7965298774056,330
72,72,early_mover,delayed_coordination,-1.24040435321352,22.3818986208691,110.231991238181,-162
72,72,sequential,coordinated,2.55677747321371,-2.29506074962251,-51.9173816523312,120
72,72,sequential,delayed_coordination,-6.33645716506267,19.4828664003767,116.111139463255,-372
72,72,coordinated,delayed_coordination,-8.89323463827638,21.7779271499992,168.028521115586,-492
73,73,early_mover,sequential,0.124550652319598,4.94613196094855,82.2175670313977,-80
73,73,early_mover,coordinated,2.32261495870512,0.494341505820614,-2.54852502656558,-33
73,73,early_mover,delayed_coordination,2.40262703618984,3.17524230806646,47.5210644773081,44
73,73,sequential,coordinated,2.19806430638552,-4.45179045512793,-84.7660920579633,47
73,73,sequential,delayed_coordination,2.27807638387024,-1.77088965288209,-34.6965025540896,124
73,73,coordinated,delayed_coordination,0.0800120774847244,2.68090080224584,50.0695895038737,77
74,74,early_mover,sequential,4.19373036477758,-14.835582535947,-13.2745351607098,234
74,74,early_mover,coordinated,3.35854739242707,-0.606203791986275,59.6853835405288,16
74,74,early_mover,delayed_coordination,2.26520705192945,6.9841075460792,66.5971980590639,-147
74,74,sequential,coordinated,-0.835182972350509,14.2293787439607,72.9599187012386,-218
74,74,sequential,delayed_coordination,-1.92852331284813,21.8196900820262,79.8717332197737,-381
74,74,coordinated,delayed_coordination,-1.09334034049762,7.59031133806548,6.91181451853504,-163
75,75,early_mover,sequential,1.98485272630613,10.4706412241529,48.8907677616742,-29
75,75,early_mover,coordinated,1.90361119205947,16.9749084062778,86.0081858073661,-222
75,75,early_mover,delayed_coordination,4.71161658415022,2.06885572466439,7.80825454489468,89
75,75,sequential,coordinated,-0.0812415342466579,6.50426718212486,37.1174180456919,-193
75,75,sequential,delayed_coordination,2.72676385784409,-8.40178549948854,-41.0825132167795,118
75,75,coordinated,delayed_coordination,2.80800539209075,-14.9060526816134,-78.1999312624714,311
76,76,early_mover,sequential,2.42713685506754,19.6083618634642,62.803353793832,-174
76,76,early_mover,coordinated,6.2095104864307,6.45606885769106,-17.0850458677633,26
76,76,early_mover,delayed_coordination,3.13789639747313,10.2058742246185,42.3763943771555,-123
76,76,sequential,coordinated,3.78237363136316,-13.1522930057731,-79.8883996615953,200
76,76,sequential,delayed_coordination,0.710759542405583,-9.40248763884568,-20.4269594166765,51
76,76,coordinated,delayed_coordination,-3.07161408895757,3.74980536692746,59.4614402449188,-149
77,77,early_mover,sequential,3.08787409051347,11.7872452926342,46.9122589896599,-118
77,77,early_mover,coordinated,2.82467128162159,-6.88440222139087,15.7715888841196,-21
77,77,early_mover,delayed_coordination,2.43781428631559,5.32668078832489,65.622157203803,5
77,77,sequential,coordinated,-0.263202808891876,-18.671647514025,-31.1406701055403,97
77,77,sequential,delayed_coordination,-0.65005980419788,-6.46056450430927,18.7098982141431,123
77,77,coordinated,delayed_coordination,-0.386856995306005,12.2110830097158,49.8505683196834,26
78,78,early_mover,sequential,1.12910695655665,16.862971024428,62.5945047350879,-38
78,78,early_mover,coordinated,2.8557214641752,5.73840502249431,3.11105993735146,40
78,78,early_mover,delayed_coordination,3.0093660830271,9.76682885670698,17.6950637886264,4
78,78,sequential,coordinated,1.72661450761855,-11.1245660019337,-59.4834447977364,78
78,78,sequential,delayed_coordination,1.88025912647045,-7.09614216772104,-44.8994409464615,42
78,78,coordinated,delayed_coordination,0.153644618851899,4.02842383421267,14.5840038512749,-36
79,79,early_mover,sequential,4.12931360145947,12.0252660416282,29.8865109376713,150
79,79,early_mover,coordinated,10.7435090283591,-6.1181349112629,-101.087347737692,649
79,79,early_mover,delayed_coordination,2.68735070071665,10.7055552013267,44.846694663516,6
79,79,sequential,coordinated,6.6141954268996,-18.1434009528911,-130.973858675364,499
79,79,sequential,delayed_coordination,-1.44196290074282,-1.31971084030155,14.9601837258447,-144
79,79,coordinated,delayed_coordination,-8.05615832764242,16.8236901125896,145.934042401208,-643
80,80,early_mover,sequential,-0.939040678093164,14.0520608380315,125.123351155838,-30
80,80,early_mover,coordinated,5.04613921317657,-15.117730937186,20.0642126809714,112
80,80,early_mover,delayed_coordination,-0.402930943255996,6.83980258760323,86.3545019335716,-187
80,80,sequential,coordinated,5.98517989126974,-29.1697917752175,-105.059138474867,142
80,80,sequential,delayed_coordination,0.536109734837169,-7.21225825042825,-38.7688492222667,-157
80,80,coordinated,delayed_coordination,-5.44907015643257,21.9575335247892,66.2902892526001,-299
81,81,early_mover,sequential,-1.41086611286735,24.7633325579194,143.339352926529,-59
81,81,early_mover,coordinated,1.9980923884019,2.23698452669845,8.52893568266927,84
81,81,early_mover,delayed_coordination,1.25545236205855,19.7677737799639,92.7659638469777,-58
81,81,sequential,coordinated,3.40895850126925,-22.5263480312209,-134.81041724386,143
81,81,sequential,delayed_coordination,2.6663184749259,-4.99555877795547,-50.5733890795511,1
81,81,coordinated,delayed_coordination,-0.742640026343352,17.5307892532655,84.2370281643084,-142
82,82,early_mover,sequential,6.14544754497473,3.27671210486452,-10.4980898983997,196
82,82,early_mover,coordinated,9.00321254478155,-9.79695839319186,-57.834596624062,242
82,82,early_mover,delayed_coordination,4.46099469607373,10.6160981631268,32.7484218562151,-27
82,82,sequential,coordinated,2.85776499980682,-13.0736704980564,-47.3365067256623,46
82,82,sequential,delayed_coordination,-1.684452848901,7.33938605826225,43.2465117546149,-223
82,82,coordinated,delayed_coordination,-4.54221784870782,20.4130565563186,90.5830184802771,-269
83,83,early_mover,sequential,4.41071352209977,16.9541529699019,21.273620665947,229
83,83,early_mover,coordinated,2.84671116282297,21.4391861855199,-56.0393152364074,292
83,83,early_mover,delayed_coordination,1.27829806623912,20.1635595412058,79.0666804219807,105
83,83,sequential,coordinated,-1.5640023592768,4.48503321561793,-77.3129359023544,63
83,83,sequential,delayed_coordination,-3.13241545586065,3.20940657130382,57.7930597560337,-124
83,83,coordinated,delayed_coordination,-1.56841309658385,-1.27562664431412,135.105995658388,-187
84,84,early_mover,sequential,-2.96947708351321,65.3614378308333,224.201880556723,-221
84,84,early_mover,coordinated,-2.03364129229577,81.7056791796397,141.879975597656,-477
84,84,early_mover,delayed_coordination,-3.65763693796664,79.606198108737,226.757650838089,-273
84,84,sequential,coordinated,0.935835791217443,16.3442413488065,-82.3219049590668,-256
84,84,sequential,delayed_coordination,-0.688159854453431,14.2447602779037,2.55577028136554,-52
84,84,coordinated,delayed_coordination,-1.62399564567087,-2.09948107090275,84.8776752404324,204
85,85,early_mover,sequential,4.98661835994962,1.25727143500194,8.2603578767978,223
85,85,early_mover,coordinated,2.90117034877792,-4.07019167387125,16.4088188021356,64
85,85,early_mover,delayed_coordination,3.19832712771932,3.9906157923869,33.1768241592245,77
85,85,sequential,coordinated,-2.08544801117169,-5.32746310887319,8.14846092533776,-159
85,85,sequential,delayed_coordination,-1.78829123223029,2.73334435738496,24.9164662824267,-146
85,85,coordinated,delayed_coordination,0.2971567789414,8.06080746625815,16.7680053570889,13
86,86,early_mover,sequential,6.13046396377963,-19.2421730809824,-17.5318199960047,101
86,86,early_mover,coordinated,7.5547526018505,-29.6782333871053,-83.3829451869515,170
86,86,early_mover,delayed_coordination,3.19561926144702,8.47903007890085,42.4534297314381,-10
86,86,sequential,coordinated,1.42428863807086,-10.4360603061229,-65.8511251909467,69
86,86,sequential,delayed_coordination,-2.93484470233261,27.7212031598832,59.9852497274428,-111
86,86,coordinated,delayed_coordination,-4.35913334040347,38.1572634660061,125.83637491839,-180
87,87,early_mover,sequential,-1.96727572850617,26.907193604774,191.595850248595,-233
87,87,early_mover,coordinated,-2.59972186422985,38.9658492086235,218.17371246052,-485
87,87,early_mover,delayed_coordination,0.421411874630977,13.6008671438145,153.800688237164,-154
87,87,sequential,coordinated,-0.632446135723683,12.0586556038496,26.5778622119253,-252
87,87,sequential,delayed_coordination,2.38868760313714,-13.3063264609594,-37.7951620114309,79
87,87,coordinated,delayed_coordination,3.02113373886083,-25.364982064809,-64.3730242233562,331
88,88,early_mover,sequential,0.0479569650654668,7.44036168687677,101.714301915734,-180
88,88,early_mover,coordinated,0.58663973107933,13.6234010482615,75.5735710144352,-250
88,88,early_mover,delayed_coordination,2.27009414576334,7.6663134749794,52.0003534868692,-4
88,88,sequential,coordinated,0.538682766013864,6.18303936138471,-26.1407309012984,-70
88,88,sequential,delayed_coordination,2.22213718069787,0.225951788102634,-49.7139484288643,176
88,88,coordinated,delayed_coordination,1.68345441468401,-5.95708757328208,-23.5732175275659,246
89,89,early_mover,sequential,6.47454721170497,2.75938018034844,-40.4540592982974,134
89,89,early_mover,coordinated,-0.873418003150746,23.0164694225302,115.935027285539,-416
89,89,early_mover,delayed_coordination,1.82896246311944,13.1326171855322,87.4357203489405,-115
89,89,sequential,coordinated,-7.34796521485572,20.2570892421817,156.389086583836,-550
89,89,sequential,delayed_coordination,-4.64558474858553,10.3732370051838,127.889779647238,-249
89,89,coordinated,delayed_coordination,2.70238046627018,-9.88385223699794,-28.4993069365983,301
90,90,early_mover,sequential,4.75863998917927,3.98508647577995,-9.48192615035532,194
90,90,early_mover,coordinated,7.04696383177493,-9.1853855930392,-44.0561063371981,174
90,90,early_mover,delayed_coordination,2.88059278418353,9.39964156923145,36.2727739094776,29
90,90,sequential,coordinated,2.28832384259566,-13.1704720688192,-34.5741801868428,-20
90,90,sequential,delayed_coordination,-1.87804720499574,5.4145550934515,45.7547000598329,-165
90,90,coordinated,delayed_coordination,-4.1663710475914,18.5850271622706,80.3288802466757,-145
91,91,early_mover,sequential,4.34616458125572,4.05527639080827,18.5579065435891,87
91,91,early_mover,coordinated,-1.28321242760678,24.5776795675031,120.176977983608,-301
91,91,early_mover,delayed_coordination,3.93245583319087,1.3237524807675,17.5767883274739,117
91,91,sequential,coordinated,-5.62937700886251,20.5224031766949,101.619071440019,-388
91,91,sequential,delayed_coordination,-0.413708748064849,-2.73152391004078,-0.981118216115192,30
91,91,coordinated,delayed_coordination,5.21566826079766,-23.2539270867356,-102.600189656134,418
92,92,early_mover,sequential,2.67867600731044,8.18551059251757,47.8110941524692,-37
92,92,early_mover,coordinated,6.43421551385725,-5.60407702151531,15.4115007332575,61
92,92,early_mover,delayed_coordination,1.54710663092052,11.5946313649789,63.1669432534991,-90
92,92,sequential,coordinated,3.75553950654681,-13.7895876140329,-32.3995934192117,98
92,92,sequential,delayed_coordination,-1.13156937638992,3.40912077246134,15.3558491010299,-53
92,92,coordinated,delayed_coordination,-4.88710888293673,17.1987083864942,47.7554425202416,-151
93,93,early_mover,sequential,4.32502027029375,0.797666058817612,23.9266284341252,215
93,93,early_mover,coordinated,6.06910956486985,-16.8693385660744,-53.6946453880912,350
93,93,early_mover,delayed_coordination,1.28532458852209,12.1502813672017,65.97479661886,1
93,93,sequential,coordinated,1.7440892945761,-17.667004624892,-77.6212738222164,135
93,93,sequential,delayed_coordination,-3.03969568177166,11.3526153083841,42.0481681847348,-214
93,93,coordinated,delayed_coordination,-4.78378497634776,29.0196199332761,119.669442006951,-349
94,94,early_mover,sequential,3.99823923682177,5.43551094020302,-1.65905104667581,-3
94,94,early_mover,coordinated,1.68788082823102,3.61106491461271,23.1571184492127,-62
94,94,early_mover,delayed_coordination,2.81178748764106,2.17949683209224,30.8345628841294,-55
94,94,sequential,coordinated,-2.31035840859076,-1.8244460255903,24.8161694958885,-59
94,94,sequential,delayed_coordination,-1.18645174918072,-3.25601410811078,32.4936139308052,-52
94,94,coordinated,delayed_coordination,1.12390665941004,-1.43156808252047,7.67744443491665,7
95,95,early_mover,sequential,1.51656719074357,5.20478986886843,51.1661749402779,-30
95,95,early_mover,coordinated,7.46156004742042,-6.2608388630245,-85.057901735217,263
95,95,early_mover,delayed_coordination,-1.76273202580398,12.5838956221553,83.8947028145308,-205
95,95,sequential,coordinated,5.94499285667685,-11.4656287318929,-136.224076675495,293
95,95,sequential,delayed_coordination,-3.27929921654756,7.37910575328686,32.7285278742529,-175
95,95,coordinated,delayed_coordination,-9.2242920732244,18.8447344851798,168.952604549748,-468
96,96,early_mover,sequential,0.933627147690316,4.38821787124596,51.7873350681803,-22
96,96,early_mover,coordinated,2.40322186626807,10.6054570428066,25.5861434148455,-53
96,96,early_mover,delayed_coordination,2.34731601875595,23.1668396016855,80.0629139707535,4
96,96,sequential,coordinated,1.46959471857775,6.21723917156066,-26.2011916533347,-31
96,96,sequential,delayed_coordination,1.41368887106563,18.7786217304396,28.2755789025732,26
96,96,coordinated,delayed_coordination,-0.0559058475121219,12.5613825588789,54.4767705559079,57
97,97,early_mover,sequential,5.06825861644846,5.1597829108033,41.096497587896,81
97,97,early_mover,coordinated,11.8569301051822,-40.137601985098,-75.2801448553391,438
97,97,early_mover,delayed_coordination,4.197792174513,4.78780381026104,45.4220625387925,176
97,97,sequential,coordinated,6.78867148873378,-45.2973848959013,-116.376642443235,357
97,97,sequential,delayed_coordination,-0.870466441935463,-0.371979100542262,4.32556495089648,95
97,97,coordinated,delayed_coordination,-7.65913793066925,44.925405795359,120.702207394132,-262
98,98,early_mover,sequential,1.17324418099319,29.3976800042294,33.9552657801589,-8
98,98,early_mover,coordinated,1.39874896142953,35.9793592446226,80.1354113058924,-256
98,98,early_mover,delayed_coordination,0.266261957214866,39.8751125542551,65.2490868688415,-83
98,98,sequential,coordinated,0.225504780436339,6.58167924039327,46.1801455257335,-248
98,98,sequential,delayed_coordination,-0.906982223778328,10.4774325500257,31.2938210886825,-75
98,98,coordinated,delayed_coordination,-1.13248700421467,3.89575330963243,-14.8863244370509,173
99,99,early_mover,sequential,0.477787358361908,6.78783343047627,65.6808379378078,85
99,99,early_mover,coordinated,2.16979897031267,-8.34804267568398,-21.6944740197828,-14
99,99,early_mover,delayed_coordination,0.550932988183675,8.25792197274126,97.6530069849819,-1
99,99,sequential,coordinated,1.69201161195076,-15.1358761061603,-87.3753119575906,-99
99,99,sequential,delayed_coordination,0.0731456298217665,1.47008854226499,31.972169047174,-86
99,99,coordinated,delayed_coordination,-1.61886598212899,16.6059646484252,119.347481004765,13
100,100,early_mover,sequential,5.58692229049105,3.57505461526191,1.88179063730399,260
100,100,early_mover,coordinated,7.12199684452605,19.4310823134562,-2.67473660377027,205
100,100,early_mover,delayed_coordination,1.8549900332726,27.0339085569743,83.7557141963041,48
100,100,sequential,coordinated,1.53507455403501,15.8560276981943,-4.55652724107426,-55
100,100,sequential,delayed_coordination,-3.73193225721845,23.4588539417124,81.8739235590001,-212
100,100,coordinated,delayed_coordination,-5.26700681125345,7.60282624351814,86.4304508000744,-157
