replication,seed,scenarioID,scenarioName,finalFitness,finalRisk,finalTrade,finalRecoveringLinks,totalSwitches,localSwitches,globalSwitches
1,1,baseline,Baseline,123.409902094528,388.905688852563,2626.28447587375,77,1531,594,937
1,1,early_mover,Early Mover,122.312911826272,276.857362878702,1906.95515763826,223,3466,1063,2403
1,1,sequential,Sequential,123.149814504869,244.232515342964,1755.9857980025,245,3612,1112,2500
1,1,coordinated,Coordinated,117.270733718121,288.737803641952,1905.1838276424,207,3485,1102,2383
1,1,delayed_coordination,Delayed Coordination,122.572753333865,252.632127155263,1790.17362975759,243,3668,1117,2551
2,2,baseline,Baseline,122.62599675657,393.21231572829,2604.53433086301,83,1741,638,1103
2,2,early_mover,Early Mover,124.70203551947,257.853408134083,1738.25049385161,261,4276,1226,3050
2,2,sequential,Sequential,121.897330502215,248.414320038528,1679.93733086594,280,4310,1297,3013
2,2,coordinated,Coordinated,121.671496601204,251.422633144648,1686.98449866941,254,4264,1174,3090
2,2,delayed_coordination,Delayed Coordination,121.585454017342,261.69632978306,1702.26697877439,265,4327,1270,3057
3,3,baseline,Baseline,127.376172453757,413.161971118621,2590.35879427508,82,1645,630,1015
3,3,early_mover,Early Mover,124.954933359321,296.37321999332,1833.18529342646,234,3773,1205,2568
3,3,sequential,Sequential,124.394326365786,277.430256894128,1754.00612631805,255,3835,1264,2571
3,3,coordinated,Coordinated,121.107439854344,292.677760004236,1773.24690828007,243,3877,1197,2680
3,3,delayed_coordination,Delayed Coordination,126.952231124834,277.039505705663,1685.19326665208,267,3979,1247,2732
4,4,baseline,Baseline,122.444222007046,388.222152444097,2567.15396998536,99,1891,525,1366
4,4,early_mover,Early Mover,125.078081098137,252.555685790038,1637.3771543941,268,4371,1062,3309
4,4,sequential,Sequential,121.494910688604,259.702654476614,1617.15460857784,280,4321,1131,3190
4,4,coordinated,Coordinated,117.437990668408,299.556569288894,1746.75276000042,253,4071,1131,2940
4,4,delayed_coordination,Delayed Coordination,122.440420067639,241.929156999902,1581.88206601595,285,4520,1160,3360
5,5,baseline,Baseline,122.999682145179,375.753072594,2500.85760980198,97,2156,480,1676
5,5,early_mover,Early Mover,118.895829097692,275.995270092931,1851.0569143788,227,3791,1078,2713
5,5,sequential,Sequential,112.559154489061,281.056372629668,1901.3216047123,218,3623,1114,2509
5,5,coordinated,Coordinated,110.70512797609,305.843030416939,1966.26207469496,174,3422,1063,2359
5,5,delayed_coordination,Delayed Coordination,113.833006391221,294.830909747808,1908.52551284766,203,3595,1094,2501
6,6,baseline,Baseline,121.975141289964,365.804511914658,2527.51690733263,96,1959,588,1371
6,6,early_mover,Early Mover,127.576854112926,254.933320135202,1672.51067823722,274,4362,1062,3300
6,6,sequential,Sequential,125.573045433173,248.224015472931,1651.62986315284,267,4351,1192,3159
6,6,coordinated,Coordinated,122.172575091648,257.18997343435,1678.96425575928,244,4238,1246,2992
6,6,delayed_coordination,Delayed Coordination,125.235227105998,247.560838443848,1662.12651273848,264,4293,1186,3107
7,7,baseline,Baseline,126.285880825954,335.424054168838,2353.91426159706,123,2547,619,1928
7,7,early_mover,Early Mover,119.142988874797,258.462191299714,1726.10463400483,226,4078,1077,3001
7,7,sequential,Sequential,117.81399162947,252.208906749522,1678.80086512606,245,4218,1112,3106
7,7,coordinated,Coordinated,118.805611715615,238.468990244378,1639.1037261194,257,4416,1135,3281
7,7,delayed_coordination,Delayed Coordination,114.575273335396,259.938565703739,1719.0633709251,229,4101,1065,3036
8,8,baseline,Baseline,124.411283169884,344.552030241259,2373.25748789315,115,2261,551,1710
8,8,early_mover,Early Mover,121.304060658927,231.665043898074,1622.71959232611,271,4371,1149,3222
8,8,sequential,Sequential,115.499857908592,234.378745888268,1653.78500417996,261,4294,1171,3123
8,8,coordinated,Coordinated,115.767971592379,237.377304898262,1697.90192502208,248,4227,1173,3054
8,8,delayed_coordination,Delayed Coordination,117.883489259908,229.822180146449,1617.73904854042,264,4358,1172,3186
9,9,baseline,Baseline,126.134336117382,382.651208075247,2533.70637661774,102,2140,723,1417
9,9,early_mover,Early Mover,120.957762088491,262.874877904633,1756.3419483951,267,4176,1204,2972
9,9,sequential,Sequential,116.781642670766,260.378744118661,1795.72899660208,264,4113,1321,2792
9,9,coordinated,Coordinated,119.173098364895,268.676482254043,1741.29442952014,244,4152,1265,2887
9,9,delayed_coordination,Delayed Coordination,118.844664856434,259.289461261696,1708.31321384727,259,4244,1257,2987
10,10,baseline,Baseline,121.12507650568,377.312450933345,2611.49638986085,87,1773,548,1225
10,10,early_mover,Early Mover,122.017903050189,269.116308479342,1830.55598704268,240,4265,977,3288
10,10,sequential,Sequential,121.872879253166,256.047833224991,1695.83250306106,269,4478,1031,3447
10,10,coordinated,Coordinated,121.812759230717,261.490199460016,1722.62174709098,273,4528,1120,3408
10,10,delayed_coordination,Delayed Coordination,122.184603967106,258.900664659112,1695.17254554805,274,4486,1092,3394
11,11,baseline,Baseline,122.538837882093,365.505860819239,2526.48078579143,107,2006,467,1539
11,11,early_mover,Early Mover,118.958112789984,271.051925374149,1899.99982054976,239,3863,906,2957
11,11,sequential,Sequential,120.06595640572,263.090725743482,1751.64306621395,256,4126,985,3141
11,11,coordinated,Coordinated,116.304090557919,263.573258379985,1824.60917131536,255,3996,953,3043
11,11,delayed_coordination,Delayed Coordination,119.239300542657,258.06742376554,1785.40466901081,249,3947,924,3023
12,12,baseline,Baseline,124.307217503296,331.763044993455,2367.7325189163,133,2709,545,2164
12,12,early_mover,Early Mover,117.251908989849,235.844539155758,1697.78157869462,253,4609,1082,3527
12,12,sequential,Sequential,117.814575683454,226.244614942255,1600.74997558391,264,4646,1135,3511
12,12,coordinated,Coordinated,119.328826163881,233.360795434952,1602.78675655517,292,4730,1154,3576
12,12,delayed_coordination,Delayed Coordination,118.900851897125,225.895532715774,1585.28815437803,268,4674,1119,3555
13,13,baseline,Baseline,124.243023609303,377.687743761073,2454.8957992683,119,2364,514,1850
13,13,early_mover,Early Mover,120.847734091098,249.186874198747,1667.53457003904,280,4565,1212,3353
13,13,sequential,Sequential,120.20140661086,239.166262779787,1569.60241921477,309,4669,1318,3351
13,13,coordinated,Coordinated,116.783487151579,252.421879739488,1625.92295867292,261,4315,1281,3034
13,13,delayed_coordination,Delayed Coordination,119.737545883678,242.049734340509,1606.19914645275,283,4580,1297,3283
14,14,baseline,Baseline,123.875449154238,359.58021065883,2555.11600260768,87,1738,486,1252
14,14,early_mover,Early Mover,120.724760998912,255.727853800537,1805.59777208237,219,3732,1138,2594
14,14,sequential,Sequential,117.559176377306,254.048609814001,1777.74349913543,202,3657,1129,2528
14,14,coordinated,Coordinated,121.595032099686,239.966326459186,1678.73349408287,248,3869,1168,2701
14,14,delayed_coordination,Delayed Coordination,114.565827971312,282.036754452373,1855.20618800299,191,3542,1097,2445
15,15,baseline,Baseline,123.695300625095,369.101920317739,2565.16332384631,99,1896,513,1383
15,15,early_mover,Early Mover,120.776963739994,253.012198389068,1868.90036909945,223,3856,1058,2798
15,15,sequential,Sequential,119.394404160417,244.167126160611,1793.08643045997,251,3973,1127,2846
15,15,coordinated,Coordinated,120.671890069632,235.089836208596,1727.56532346342,238,4100,1117,2983
15,15,delayed_coordination,Delayed Coordination,119.82562739298,233.862223462918,1780.43505083674,238,3952,1135,2817
16,16,baseline,Baseline,124.373982222118,349.242642682057,2409.87022510275,117,2295,548,1747
16,16,early_mover,Early Mover,120.612719385895,265.159154081374,1862.64893338528,210,3645,1190,2455
16,16,sequential,Sequential,120.083274614578,245.303050847697,1802.55775446332,222,3774,1227,2547
16,16,coordinated,Coordinated,115.207392595186,250.575065213304,1854.92754518827,234,3742,1154,2588
16,16,delayed_coordination,Delayed Coordination,121.123040482823,244.903789352344,1787.51282176038,232,3788,1224,2564
17,17,baseline,Baseline,121.114785143167,383.40364612281,2576.56413544104,100,2086,398,1688
17,17,early_mover,Early Mover,120.640135458793,267.47349203927,1791.88962290524,248,4497,1077,3420
17,17,sequential,Sequential,118.943168618327,259.494317003325,1698.52372284901,269,4543,1191,3352
17,17,coordinated,Coordinated,116.560892408434,251.779193379,1763.27997962853,256,4362,1112,3250
17,17,delayed_coordination,Delayed Coordination,119.909318794966,244.594672163343,1690.68649840038,270,4541,1122,3419
18,18,baseline,Baseline,123.383552995967,347.590988160746,2418.31657658367,106,2137,591,1546
18,18,early_mover,Early Mover,122.694925819787,251.04153264618,1625.95985753568,274,4622,1179,3443
18,18,sequential,Sequential,124.790067988986,238.408107472954,1548.10305498924,287,4786,1276,3510
18,18,coordinated,Coordinated,123.888137202173,239.713276628113,1591.67341805511,291,4710,1227,3483
18,18,delayed_coordination,Delayed Coordination,126.092267653718,232.6263173716,1567.24390096756,302,4771,1202,3569
19,19,baseline,Baseline,123.762129921536,352.624674775641,2498.6291195112,102,2007,555,1452
19,19,early_mover,Early Mover,117.849598980091,268.42598095807,1877.79458047444,207,3637,1036,2601
19,19,sequential,Sequential,117.480791502563,262.842568317618,1810.66281029064,245,3803,1116,2687
19,19,coordinated,Coordinated,116.986586807054,248.364990738939,1805.44186786609,225,3919,1089,2830
19,19,delayed_coordination,Delayed Coordination,115.099228467207,268.975833243601,1881.61942944642,213,3695,1087,2608
20,20,baseline,Baseline,124.905690147808,340.092483468099,2417.11303483285,125,2322,558,1764
20,20,early_mover,Early Mover,128.024132176978,239.588289406905,1634.8416520532,276,4550,1004,3546
20,20,sequential,Sequential,123.002720365693,239.811331460789,1627.52536763852,260,4489,1027,3462
20,20,coordinated,Coordinated,115.206110396705,259.708541397764,1843.2588076616,214,3921,911,3010
20,20,delayed_coordination,Delayed Coordination,122.404290330145,251.341994297433,1666.10371202958,263,4466,1004,3462
21,21,baseline,Baseline,122.069413653323,392.819814427912,2569.53673767079,89,1936,565,1371
21,21,early_mover,Early Mover,117.512501605939,298.793053907179,1904.18351828957,233,3879,1052,2827
21,21,sequential,Sequential,116.830416830135,285.28397737668,1815.80279194973,233,3942,1030,2912
21,21,coordinated,Coordinated,119.139359869121,275.181757246019,1800.73561008454,233,4125,1217,2908
21,21,delayed_coordination,Delayed Coordination,117.145906206166,285.663424171632,1812.63515303371,245,4022,1015,3007
22,22,baseline,Baseline,123.838041390419,374.045860159719,2412.9909957533,117,2313,571,1742
22,22,early_mover,Early Mover,116.472124410815,260.098263089054,1807.4775106658,218,3970,914,3056
22,22,sequential,Sequential,111.352977136558,260.99535340219,1825.9855847871,205,3708,935,2773
22,22,coordinated,Coordinated,115.335883381478,254.241738133646,1767.79857213825,222,4169,1001,3168
22,22,delayed_coordination,Delayed Coordination,115.700391876891,242.936026985303,1757.74750649891,231,4025,921,3104
23,23,baseline,Baseline,124.430330110819,383.570648273512,2492.86880677941,98,2000,705,1295
23,23,early_mover,Early Mover,120.716132685015,264.807329242934,1705.96467808458,261,4236,1270,2966
23,23,sequential,Sequential,121.261171851284,248.968470540011,1607.34906394029,282,4382,1365,3017
23,23,coordinated,Coordinated,120.013522684445,254.392294395647,1686.39328910855,253,4079,1296,2783
23,23,delayed_coordination,Delayed Coordination,118.717481797913,252.967442198565,1641.74248333344,260,4288,1284,3004
24,24,baseline,Baseline,123.234960931557,342.156953752131,2406.73077717014,114,2367,497,1870
24,24,early_mover,Early Mover,123.914065154766,233.824034288651,1617.17725683468,273,4692,1075,3617
24,24,sequential,Sequential,125.192003037116,222.536025941022,1535.76162642467,289,4754,1181,3573
24,24,coordinated,Coordinated,120.317175440524,225.125720564626,1644.10851416603,268,4579,1163,3416
24,24,delayed_coordination,Delayed Coordination,125.030777397505,220.573103991188,1526.84861824271,299,4779,1165,3614
25,25,baseline,Baseline,124.267889561608,344.914842392407,2409.57083030262,131,2539,588,1951
25,25,early_mover,Early Mover,120.666515085244,242.74650289454,1762.71765969719,242,4155,1141,3014
25,25,sequential,Sequential,117.509546209534,252.756931033016,1738.4664660267,245,4157,1152,3005
25,25,coordinated,Coordinated,115.129149118304,257.062582481129,1798.849625135,241,4123,1110,3013
25,25,delayed_coordination,Delayed Coordination,118.136605810193,243.397319565104,1724.3367488196,245,4183,1093,3090
26,26,baseline,Baseline,122.794667434974,394.835168064089,2632.75547953005,91,1776,462,1314
26,26,early_mover,Early Mover,121.517838671557,262.378847755485,1815.70653118003,246,3896,1129,2767
26,26,sequential,Sequential,122.798194575647,259.606907364545,1714.72164813565,271,4015,1157,2858
26,26,coordinated,Coordinated,120.58788056317,265.596671420771,1743.93101829442,258,4002,1094,2908
26,26,delayed_coordination,Delayed Coordination,123.54893461304,259.134875224235,1734.85502583269,271,4074,1142,2932
27,27,baseline,Baseline,123.484148831971,354.950461734877,2485.3260833099,106,2314,395,1919
27,27,early_mover,Early Mover,125.822505915966,226.755769144439,1643.15696288158,265,4796,1093,3703
27,27,sequential,Sequential,126.282287868792,222.486083379042,1533.59727158169,283,4771,1177,3594
27,27,coordinated,Coordinated,121.628337103572,251.132860819633,1625.54520729583,249,4419,1139,3280
27,27,delayed_coordination,Delayed Coordination,122.084769490352,233.801518788864,1580.9092070057,284,4811,1167,3644
28,28,baseline,Baseline,123.934316562996,348.346477928763,2507.68635842833,103,2183,443,1740
28,28,early_mover,Early Mover,117.963015996936,248.577210867119,1786.75182866457,260,4312,1085,3227
28,28,sequential,Sequential,119.437686011607,240.785502165615,1662.06855899733,279,4483,1134,3349
28,28,coordinated,Coordinated,114.560932939789,247.461441826165,1721.14770249242,272,4190,1014,3176
28,28,delayed_coordination,Delayed Coordination,117.179516268576,238.387391703469,1687.72083657792,282,4434,1088,3346
29,29,baseline,Baseline,122.311664000477,352.660497117094,2472.58628109562,98,2055,474,1581
29,29,early_mover,Early Mover,121.926515644545,273.315203268911,1750.78190722369,240,3969,1074,2895
29,29,sequential,Sequential,120.005624472645,254.226210134687,1672.26842107193,252,3991,1148,2843
29,29,coordinated,Coordinated,116.278263180047,243.583476351812,1710.64853864346,257,3907,1194,2713
29,29,delayed_coordination,Delayed Coordination,120.46769158865,249.058979702184,1687.22340086963,270,4057,1125,2932
30,30,baseline,Baseline,127.051171193614,343.379555524151,2442.23337820158,102,2148,613,1535
30,30,early_mover,Early Mover,122.006903811516,257.245291121238,1816.46388029038,235,3976,1088,2888
30,30,sequential,Sequential,121.07997686861,238.809366144557,1730.17580956723,257,4089,1209,2880
30,30,coordinated,Coordinated,122.792371990847,234.784855554986,1691.38527252803,262,4351,1247,3104
30,30,delayed_coordination,Delayed Coordination,121.368591433473,241.958278976926,1732.64972213599,236,4022,1171,2851
31,31,baseline,Baseline,123.758900905518,383.774031746938,2588.60387813359,93,1801,434,1367
31,31,early_mover,Early Mover,128.125673158697,275.094887933357,1696.79425533014,285,4420,1028,3392
31,31,sequential,Sequential,123.412772301216,263.640616369215,1665.08832988836,278,4436,1077,3359
31,31,coordinated,Coordinated,122.960789650408,266.249974032033,1673.88390830761,286,4621,1141,3480
31,31,delayed_coordination,Delayed Coordination,124.94669834021,256.996811148948,1641.12700268894,279,4411,1132,3279
32,32,baseline,Baseline,123.918006068336,359.156379924508,2469.56518852925,106,2301,475,1826
32,32,early_mover,Early Mover,121.403012633456,267.796400823115,1711.10336178357,271,4330,1098,3232
32,32,sequential,Sequential,120.686054560295,258.315472912402,1644.09993733405,285,4416,1186,3230
32,32,coordinated,Coordinated,114.830872553886,278.02579630049,1759.1098035002,226,4068,1189,2879
32,32,delayed_coordination,Delayed Coordination,121.242349522779,255.547368523813,1638.43348358277,262,4402,1206,3196
33,33,baseline,Baseline,124.189427074348,357.401105600908,2517.63038189174,104,2092,607,1485
33,33,early_mover,Early Mover,119.214875188275,260.334712654563,1785.3706922904,218,3983,1134,2849
33,33,sequential,Sequential,120.490979060846,249.118615986281,1667.50857968144,282,4295,1192,3103
33,33,coordinated,Coordinated,115.740411258082,254.819287164821,1793.07348934572,252,4220,1152,3068
33,33,delayed_coordination,Delayed Coordination,118.818173063701,250.232496948461,1715.05330712472,255,4144,1157,2987
34,34,baseline,Baseline,126.037768596746,381.451362974249,2507.78705760914,112,2224,648,1576
34,34,early_mover,Early Mover,129.640703242244,245.420724218592,1694.25929063948,269,4716,1123,3593
34,34,sequential,Sequential,128.955740538696,248.502981995967,1624.44980629283,281,4782,1239,3543
34,34,coordinated,Coordinated,131.569368736889,224.294586238702,1607.17909166184,280,4778,1296,3482
34,34,delayed_coordination,Delayed Coordination,127.901182034766,250.565852632208,1643.52912259674,281,4764,1216,3548
35,35,baseline,Baseline,122.203400557974,317.438713879936,2443.41639706945,125,2358,468,1890
35,35,early_mover,Early Mover,115.79921097368,239.623065940737,1772.31057094365,258,4203,1107,3096
35,35,sequential,Sequential,113.323299066658,233.785882690197,1706.23907204881,271,4334,1128,3206
35,35,coordinated,Coordinated,114.245101512383,241.18511374903,1680.26083587959,272,4443,1194,3249
35,35,delayed_coordination,Delayed Coordination,114.250876758107,237.532714064181,1682.79136241123,258,4363,1138,3225
36,36,baseline,Baseline,123.181266346022,366.845130165577,2422.66650620485,122,2474,503,1971
36,36,early_mover,Early Mover,121.42783059204,266.670324149878,1705.73282346968,275,4406,1218,3188
36,36,sequential,Sequential,118.364351917689,249.895566546648,1651.02590492376,273,4391,1234,3157
36,36,coordinated,Coordinated,114.813338979095,255.925922826244,1689.28181872114,267,4295,1188,3107
36,36,delayed_coordination,Delayed Coordination,118.176270428458,247.128080847031,1614.44883872328,292,4364,1287,3077
37,37,baseline,Baseline,120.995397386235,367.487287669611,2622.66849804464,73,1613,368,1245
37,37,early_mover,Early Mover,117.516855382807,275.443904869321,1946.33542987968,210,3677,968,2709
37,37,sequential,Sequential,115.410818834227,263.222249280135,1879.74183028804,231,3773,1035,2738
37,37,coordinated,Coordinated,116.744726998338,266.253992560534,1905.07836661321,228,3632,990,2642
37,37,delayed_coordination,Delayed Coordination,115.722756959546,268.851777891778,1883.33018653267,229,3738,1021,2717
38,38,baseline,Baseline,127.577206101062,377.630307914947,2433.66280019806,106,2075,698,1377
38,38,early_mover,Early Mover,119.566694187291,304.697612588866,1836.8599741115,212,3420,1203,2217
38,38,sequential,Sequential,120.661834630137,294.007586852754,1738.23570417538,237,3523,1251,2272
38,38,coordinated,Coordinated,119.402228955766,300.463825554451,1786.95600147747,226,3557,1214,2343
38,38,delayed_coordination,Delayed Coordination,121.793700416324,293.520116198464,1719.48065031468,229,3492,1221,2271
39,39,baseline,Baseline,124.09745148445,349.706748933333,2385.84488505604,123,2552,466,2086
39,39,early_mover,Early Mover,119.909524840907,233.170911049493,1643.64385712784,272,4687,1154,3533
39,39,sequential,Sequential,116.322213704427,225.906552974351,1616.97320868304,245,4579,1166,3413
39,39,coordinated,Coordinated,110.575180390509,238.942935561754,1700.12843147033,268,4379,1142,3237
39,39,delayed_coordination,Delayed Coordination,117.960073854653,221.598702585887,1590.82890869075,262,4631,1156,3475
40,40,baseline,Baseline,123.819788928621,360.968161058056,2572.53020639491,95,1878,426,1452
40,40,early_mover,Early Mover,123.558538954213,254.059425718854,1758.80683192076,256,4087,958,3129
40,40,sequential,Sequential,119.501888572982,246.694804838266,1723.36709662898,258,4046,1044,3002
40,40,coordinated,Coordinated,117.25397593932,255.415351632177,1749.78919766207,268,3956,1007,2949
40,40,delayed_coordination,Delayed Coordination,118.667784344548,246.451859214319,1715.92837550753,269,4038,1009,3029
41,41,baseline,Baseline,125.096454364417,367.146473867274,2533.26219593657,102,2101,507,1594
41,41,early_mover,Early Mover,123.693398431525,271.863989755452,1804.42371158643,248,4190,1107,3083
41,41,sequential,Sequential,124.255493192566,266.847385300932,1754.61878242671,251,4140,1123,3017
41,41,coordinated,Coordinated,122.787220216572,263.213099143906,1817.09972701902,226,3994,1085,2909
41,41,delayed_coordination,Delayed Coordination,126.620298027422,254.126049837351,1666.65172719731,237,4241,1094,3147
42,42,baseline,Baseline,127.504293027151,369.163174821464,2425.67829103309,115,2254,671,1583
42,42,early_mover,Early Mover,122.820473982711,253.376209787905,1751.76421075873,253,4137,1200,2937
42,42,sequential,Sequential,115.330968669979,263.746294467847,1816.74701582196,207,3634,1134,2500
42,42,coordinated,Coordinated,116.482259744511,276.406184943323,1870.23689866511,223,3647,1104,2543
42,42,delayed_coordination,Delayed Coordination,115.439342254392,254.931478989715,1814.58243044983,192,3671,1148,2523
43,43,baseline,Baseline,122.103532834207,354.874177332574,2431.87942593581,114,2383,577,1806
43,43,early_mover,Early Mover,119.711034198337,247.214783002907,1649.8527003769,284,4531,1193,3338
43,43,sequential,Sequential,118.713691408208,238.421491821186,1591.78894829012,285,4582,1285,3297
43,43,coordinated,Coordinated,116.872683544186,243.023285015984,1637.37106051674,281,4467,1201,3266
43,43,delayed_coordination,Delayed Coordination,117.154097627006,248.05779400645,1593.59500626329,283,4575,1201,3374
44,44,baseline,Baseline,124.299708475963,360.445373311897,2496.21071910777,108,2074,561,1513
44,44,early_mover,Early Mover,118.983745353967,272.136533593999,1845.73278599103,226,3753,1078,2675
44,44,sequential,Sequential,113.516670984987,268.239825726587,1847.81934951339,233,3712,1128,2584
44,44,coordinated,Coordinated,118.68321824962,257.963832083336,1771.51369862946,249,4071,1165,2906
44,44,delayed_coordination,Delayed Coordination,114.189259623171,270.576656354259,1839.77552023401,225,3728,1106,2622
45,45,baseline,Baseline,124.759221726618,378.385170862158,2569.29021130521,98,1979,480,1499
45,45,early_mover,Early Mover,121.637058915049,256.819313959445,1800.67429178137,248,4044,1138,2906
45,45,sequential,Sequential,116.190548729353,261.871110014759,1760.39661068923,247,4039,1134,2905
45,45,coordinated,Coordinated,114.600380634453,275.149191991674,1793.78494615451,260,4121,1142,2979
45,45,delayed_coordination,Delayed Coordination,118.472213599389,256.701461859219,1716.73780777395,261,4132,1142,2990
46,46,baseline,Baseline,123.914326956905,368.616702472674,2520.61889905657,98,2038,527,1511
46,46,early_mover,Early Mover,121.010489945205,276.675703939022,1787.09841529763,246,4072,1017,3055
46,46,sequential,Sequential,121.816462086298,255.875952752415,1670.63567140728,275,4158,1129,3029
46,46,coordinated,Coordinated,114.351191599712,287.494123201867,1875.48425064708,225,3854,1084,2770
46,46,delayed_coordination,Delayed Coordination,120.144672595488,265.202443165473,1713.60005045532,263,4118,1120,2998
47,47,baseline,Baseline,123.169355189242,337.108112885398,2485.14014823711,107,2125,550,1575
47,47,early_mover,Early Mover,127.142123964936,218.884634912414,1683.11292711107,271,4553,1111,3442
47,47,sequential,Sequential,125.45050841985,220.089112319239,1591.18173558539,292,4607,1195,3412
47,47,coordinated,Coordinated,118.509253516782,238.436662813351,1693.21702918893,266,4337,1149,3188
47,47,delayed_coordination,Delayed Coordination,126.060737500913,225.125576902314,1600.05676438774,278,4560,1158,3402
48,48,baseline,Baseline,122.10791954081,374.821510868769,2590.74409504504,90,1823,612,1211
48,48,early_mover,Early Mover,117.487549335315,267.020678157038,1807.81414657243,249,3959,1119,2840
48,48,sequential,Sequential,112.795557615179,277.644850793231,1812.63944758717,229,3718,1069,2649
48,48,coordinated,Coordinated,110.66989101277,294.723081361617,1903.6391212238,167,3279,976,2303
48,48,delayed_coordination,Delayed Coordination,115.944208266786,265.556975137101,1760.26607520725,241,3889,1094,2795
49,49,baseline,Baseline,125.5455032382,315.655058958907,2404.0907749784,123,2309,647,1662
49,49,early_mover,Early Mover,118.178785206819,265.732453191793,1855.29890168288,206,3663,1056,2607
49,49,sequential,Sequential,114.307342994956,261.564893495406,1816.57155893332,196,3600,1070,2530
49,49,coordinated,Coordinated,113.965492017137,260.135717756227,1819.87194780833,220,3849,1114,2735
49,49,delayed_coordination,Delayed Coordination,113.974971560088,262.129885741438,1850.07633213151,201,3676,1076,2600
50,50,baseline,Baseline,126.293308402581,350.200206957506,2478.55805462828,111,2189,608,1581
50,50,early_mover,Early Mover,122.369788736546,239.172039261039,1808.3326537051,257,4066,1221,2845
50,50,sequential,Sequential,119.161743912052,236.019391218585,1790.88186547102,259,4015,1264,2751
50,50,coordinated,Coordinated,116.340295494206,247.015700788197,1887.65145963191,239,3854,1239,2615
50,50,delayed_coordination,Delayed Coordination,120.296298733159,229.332562238895,1761.0047411114,271,4058,1234,2824
51,51,baseline,Baseline,121.398304223386,381.822678488842,2567.41180017882,99,2018,549,1469
51,51,early_mover,Early Mover,115.664347949662,263.80541015241,1892.52175571234,230,3903,1097,2806
51,51,sequential,Sequential,114.466270368739,241.525264663135,1836.77265615292,233,3870,1118,2752
51,51,coordinated,Coordinated,123.500281056134,216.085908535556,1652.92152826777,291,4513,1215,3298
51,51,delayed_coordination,Delayed Coordination,114.856762525779,241.45308781169,1824.19115917075,249,3968,1114,2854
52,52,baseline,Baseline,127.705157333736,369.28361146561,2468.09164463911,114,2296,549,1747
52,52,early_mover,Early Mover,120.584459259205,266.316376094104,1873.87189393694,221,3904,1131,2773
52,52,sequential,Sequential,116.096765759717,276.410658426555,1873.11475983201,213,3760,1128,2632
52,52,coordinated,Coordinated,113.358121601418,283.298483816298,1894.52618187503,207,3461,1024,2437
52,52,delayed_coordination,Delayed Coordination,116.842997862579,267.227780335469,1848.08020132544,216,3800,1148,2652
53,53,baseline,Baseline,121.943142381239,346.688670172948,2387.7162702576,115,2381,575,1806
53,53,early_mover,Early Mover,116.335214380135,226.848272156861,1697.06174588647,272,4200,1098,3102
53,53,sequential,Sequential,116.744884164052,223.714161652761,1676.84573020927,267,4324,1140,3184
53,53,coordinated,Coordinated,115.721497113707,224.263263417752,1620.21595873503,282,4445,1124,3321
53,53,delayed_coordination,Delayed Coordination,114.349866929065,227.487918344182,1717.52722622941,256,4215,1102,3113
54,54,baseline,Baseline,124.588828871826,357.889736470548,2511.14128804655,113,2153,727,1426
54,54,early_mover,Early Mover,120.871824509912,254.731709865038,1747.5986111225,223,4182,1081,3101
54,54,sequential,Sequential,118.644488544794,237.566073085591,1611.62444097235,257,4345,1187,3158
54,54,coordinated,Coordinated,116.524304864817,253.116889969779,1710.49940989696,251,4093,1200,2893
54,54,delayed_coordination,Delayed Coordination,115.477175784629,245.861281822907,1696.54641224306,224,4100,1087,3013
55,55,baseline,Baseline,125.591206911265,364.572262315941,2522.15984650322,104,1997,650,1347
55,55,early_mover,Early Mover,124.731509417373,245.30085273305,1697.51207577012,255,4314,1277,3037
55,55,sequential,Sequential,123.231669913194,239.433389920727,1622.6802813665,290,4389,1321,3068
55,55,coordinated,Coordinated,121.796305420194,255.022661273267,1671.50833383638,280,4245,1252,2993
55,55,delayed_coordination,Delayed Coordination,123.831483757056,231.056643659542,1603.16694639628,279,4446,1291,3155
56,56,baseline,Baseline,124.548312553382,363.304036232974,2442.58528145174,113,2297,621,1676
56,56,early_mover,Early Mover,111.997897749039,312.372828820699,1989.04784748551,194,3344,1121,2223
56,56,sequential,Sequential,107.163134035311,307.471100420889,1959.18151551147,183,3174,1077,2097
56,56,coordinated,Coordinated,106.757970279647,311.246412713022,1999.83402191748,186,3284,1048,2236
56,56,delayed_coordination,Delayed Coordination,107.198395392882,307.758264391766,1980.6193548954,180,3159,1058,2101
57,57,baseline,Baseline,126.141976716695,381.660266349182,2474.53264964,115,2313,470,1843
57,57,early_mover,Early Mover,122.941740219548,278.534053895906,1760.65692771639,254,4208,1118,3090
57,57,sequential,Sequential,122.025885465516,249.206467415775,1662.28719807723,271,4328,1201,3127
57,57,coordinated,Coordinated,121.832098792421,248.401730422892,1685.10443028838,278,4360,1223,3137
57,57,delayed_coordination,Delayed Coordination,122.582490890687,260.659943171863,1641.2604203553,275,4399,1172,3227
58,58,baseline,Baseline,124.668455530396,347.798210249246,2480.97145333531,104,2125,462,1663
58,58,early_mover,Early Mover,122.231763887987,229.877834454465,1678.71945509008,248,4469,1047,3422
58,58,sequential,Sequential,120.455045289273,215.635157961391,1588.01780555195,262,4518,1139,3379
58,58,coordinated,Coordinated,120.287723720729,227.540364330766,1634.53927398229,273,4469,1083,3386
58,58,delayed_coordination,Delayed Coordination,119.745139411581,222.311045230974,1603.63629461614,270,4543,1149,3394
59,59,baseline,Baseline,123.239344067742,359.915174216756,2395.31713185643,122,2429,570,1859
59,59,early_mover,Early Mover,120.391921412271,242.112821428552,1691.60954701447,271,4279,1213,3066
59,59,sequential,Sequential,121.72493178895,215.695518544416,1575.0000839833,280,4274,1393,2881
59,59,coordinated,Coordinated,123.657947285998,231.601527693443,1608.13108066154,271,4324,1398,2926
59,59,delayed_coordination,Delayed Coordination,117.166351423763,222.68400029307,1610.24527216016,267,4252,1276,2976
60,60,baseline,Baseline,121.214190982886,374.836436712824,2552.32998897754,102,2118,472,1646
60,60,early_mover,Early Mover,119.076287779493,254.073908821125,1743.65934580523,264,4338,1090,3248
60,60,sequential,Sequential,117.118090229236,240.58929903968,1710.93865320481,267,4264,1187,3077
60,60,coordinated,Coordinated,108.633351454861,277.874183186816,1859.54649287938,214,3612,1009,2603
60,60,delayed_coordination,Delayed Coordination,113.790352326248,254.381429920142,1750.12639706244,252,4269,1158,3111
61,61,baseline,Baseline,123.06487274691,343.897694927733,2368.63974280316,126,2664,476,2188
61,61,early_mover,Early Mover,120.574431144819,232.65717165032,1602.06291744855,282,4863,1223,3640
61,61,sequential,Sequential,121.754074286549,213.897202291304,1532.86482026623,291,4968,1255,3713
61,61,coordinated,Coordinated,118.02703424633,218.706724476628,1608.4349795526,272,4741,1233,3508
61,61,delayed_coordination,Delayed Coordination,119.735079733688,231.76950765619,1563.99623538927,277,4898,1302,3596
62,62,baseline,Baseline,124.993593815148,337.484797323248,2390.89790928518,123,2460,484,1976
62,62,early_mover,Early Mover,121.082649305696,246.017157299307,1713.73881787054,239,4264,1085,3179
62,62,sequential,Sequential,117.74753891757,243.833918001976,1688.57221835314,245,4292,1081,3211
62,62,coordinated,Coordinated,114.342542613264,275.55860684426,1773.6650245062,255,4082,1052,3030
62,62,delayed_coordination,Delayed Coordination,117.080212524753,241.712116627199,1721.4720965591,244,4236,1099,3137
63,63,baseline,Baseline,122.196611871315,360.991759284303,2481.09017600919,98,2086,381,1705
63,63,early_mover,Early Mover,115.660863454671,241.638999341479,1753.64985738232,259,4222,1044,3178
63,63,sequential,Sequential,114.62663564416,228.585332706094,1684.49712054997,265,4235,1107,3128
63,63,coordinated,Coordinated,115.398586237619,231.112916896744,1747.90046874112,259,4355,1145,3210
63,63,delayed_coordination,Delayed Coordination,116.695453301433,224.672695843958,1631.70835543757,286,4426,1105,3321
64,64,baseline,Baseline,125.442163520397,368.535873589824,2449.41737307218,102,2106,676,1430
64,64,early_mover,Early Mover,119.026670333063,264.561564768625,1872.10667172178,211,3413,1078,2335
64,64,sequential,Sequential,113.907181291304,264.934951611581,1863.09540051881,182,3201,1026,2175
64,64,coordinated,Coordinated,111.222730764318,273.989781744671,1928.56225727973,169,3073,992,2081
64,64,delayed_coordination,Delayed Coordination,113.195402101701,257.611496833967,1874.1737667825,180,3247,1001,2246
65,65,baseline,Baseline,122.781354871532,391.278525139383,2531.45910782441,95,1949,384,1565
65,65,early_mover,Early Mover,122.011746617047,241.178460213714,1671.51768409484,260,4260,987,3273
65,65,sequential,Sequential,115.993674517108,250.507094019297,1640.35666670548,228,4019,1050,2969
65,65,coordinated,Coordinated,112.74113593715,261.278383571164,1730.95346352,211,3850,1014,2836
65,65,delayed_coordination,Delayed Coordination,121.123254944373,225.244075690062,1569.13201691359,261,4245,1067,3178
66,66,baseline,Baseline,122.122966190991,345.120175692554,2450.64675561296,103,2162,566,1596
66,66,early_mover,Early Mover,127.124098034739,207.231497125994,1603.09472799822,262,4689,1166,3523
66,66,sequential,Sequential,121.92110301393,201.687375357161,1562.48590571758,263,4567,1187,3380
66,66,coordinated,Coordinated,117.154961890565,224.133939248207,1698.15026011194,251,4344,1286,3058
66,66,delayed_coordination,Delayed Coordination,121.960460163706,206.100551406701,1581.85280638237,253,4651,1216,3435
67,67,baseline,Baseline,121.657265709083,384.258998914857,2572.88776075311,98,1934,490,1444
67,67,early_mover,Early Mover,124.986198788328,259.058313110903,1694.35935276499,262,4526,1003,3523
67,67,sequential,Sequential,121.832995142519,256.665282581532,1664.30971267448,266,4568,1151,3417
67,67,coordinated,Coordinated,120.838724649517,256.467572271376,1665.14071953581,267,4545,1148,3397
67,67,delayed_coordination,Delayed Coordination,123.540284202594,252.442424385809,1636.21350058687,274,4624,1104,3520
68,68,baseline,Baseline,125.141755156698,349.851810072568,2429.36553911372,119,2489,472,2017
68,68,early_mover,Early Mover,124.550739554935,251.737392550284,1611.93864025057,280,4691,1253,3438
68,68,sequential,Sequential,123.37310611145,231.247553663818,1491.55251940278,310,4861,1338,3523
68,68,coordinated,Coordinated,119.815892743283,239.289405673708,1584.27438995856,304,4616,1256,3360
68,68,delayed_coordination,Delayed Coordination,123.613712783964,237.343654320367,1519.04069564245,278,4744,1343,3401
69,69,baseline,Baseline,123.322063383934,346.62292674835,2425.4033803533,127,2439,580,1859
69,69,early_mover,Early Mover,123.165771707948,232.738996172801,1573.44981533527,278,4821,1069,3752
69,69,sequential,Sequential,122.796348876555,218.407352624846,1503.89194006146,299,4884,1250,3634
69,69,coordinated,Coordinated,120.42638004997,221.414846213524,1534.069564103,301,4708,1147,3561
69,69,delayed_coordination,Delayed Coordination,123.608216098699,213.598536683638,1476.62069725131,301,4998,1255,3743
70,70,baseline,Baseline,121.629816127759,329.995175370353,2449.60797195475,106,1972,664,1308
70,70,early_mover,Early Mover,121.04581046694,263.481277471864,1729.4828193087,246,4229,1104,3125
70,70,sequential,Sequential,122.235171113188,240.744727142788,1603.08325310321,262,4448,1109,3339
70,70,coordinated,Coordinated,120.963562270862,245.468228202482,1622.73917314519,268,4466,1168,3298
70,70,delayed_coordination,Delayed Coordination,119.675684856777,257.849252669786,1644.86249430644,265,4319,1092,3227
71,71,baseline,Baseline,124.296754707297,328.802696202771,2335.14366176455,127,2654,601,2053
71,71,early_mover,Early Mover,116.181907398361,246.5095957154,1687.66234531638,269,4562,1115,3447
71,71,sequential,Sequential,115.365927903123,240.337068098671,1629.96432080017,276,4593,1185,3408
71,71,coordinated,Coordinated,113.763160018685,251.245049140845,1672.6327370082,252,4472,1186,3286
71,71,delayed_coordination,Delayed Coordination,114.808284770339,245.609450613823,1634.65602922455,272,4548,1157,3391
72,72,baseline,Baseline,123.584797435207,376.155450647838,2535.99596996849,103,2162,582,1580
72,72,early_mover,Early Mover,124.7464772581,253.296177823579,1683.66577095334,262,4462,1167,3295
72,72,sequential,Sequential,119.65042444625,250.397145603086,1689.54491917842,239,4252,1173,3079
72,72,coordinated,Coordinated,117.093646973037,252.692206352709,1741.46230083075,247,4132,1191,2941
72,72,delayed_coordination,Delayed Coordination,125.986881611313,230.91427920271,1573.43377971516,280,4624,1238,3386
73,73,baseline,Baseline,126.024905246215,334.647935943198,2294.32508591037,132,2742,673,2069
73,73,early_mover,Early Mover,112.749160830878,297.934587352743,1832.02477474257,220,4111,1178,2933
73,73,sequential,Sequential,112.624610178558,292.988455391795,1749.80720771118,242,4191,1194,2997
73,73,coordinated,Coordinated,110.426545872173,297.440245846922,1834.57329976914,230,4144,1212,2932
73,73,delayed_coordination,Delayed Coordination,110.346533794688,294.759345044677,1784.50371026527,225,4067,1142,2925
74,74,baseline,Baseline,122.640868227524,373.05173672127,2576.33988978672,102,1937,580,1357
74,74,early_mover,Early Mover,119.159447352433,265.799304058975,1821.21410115982,239,4030,1060,2970
74,74,sequential,Sequential,114.965716987655,280.634886594922,1834.48863632053,223,3796,1078,2718
74,74,coordinated,Coordinated,115.800899960006,266.405507850961,1761.52871761929,257,4014,1101,2913
74,74,delayed_coordination,Delayed Coordination,116.894240300503,258.815196512895,1754.61690310075,265,4177,1099,3078
75,75,baseline,Baseline,122.478907474524,378.871050383297,2463.92470325732,95,2068,540,1528
75,75,early_mover,Early Mover,122.866875941142,267.903413377595,1722.26892619659,253,4250,1167,3083
75,75,sequential,Sequential,120.882023214836,257.432772153442,1673.37815843491,247,4279,1299,2980
75,75,coordinated,Coordinated,120.963264749083,250.928504971317,1636.26074038922,274,4472,1269,3203
75,75,delayed_coordination,Delayed Coordination,118.155259356992,265.834557652931,1714.46067165169,248,4161,1258,2903
76,76,baseline,Baseline,122.80043810822,369.865741078293,2514.70602048922,111,2168,538,1630
76,76,early_mover,Early Mover,124.549906188658,256.242004410355,1752.85326149394,232,4239,1081,3158
76,76,sequential,Sequential,122.12276933359,236.633642546891,1690.04990770011,274,4413,1220,3193
76,76,coordinated,Coordinated,118.340395702227,249.785935552664,1769.9383073617,242,4213,1103,3110
76,76,delayed_coordination,Delayed Coordination,121.412009791184,246.036130185737,1710.47686711679,258,4362,1170,3192
77,77,baseline,Baseline,121.901483722514,392.186387077521,2516.25620815098,103,2039,650,1389
77,77,early_mover,Early Mover,119.916474797422,272.908426884408,1754.25377147935,249,4107,1255,2852
77,77,sequential,Sequential,116.828600706909,261.121181591774,1707.34151248969,265,4225,1276,2949
77,77,coordinated,Coordinated,117.091803515801,279.792829105799,1738.48218259523,262,4128,1290,2838
77,77,delayed_coordination,Delayed Coordination,117.478660511107,267.581746096083,1688.63161427554,243,4102,1293,2809
78,78,baseline,Baseline,122.292713842599,375.176698648158,2474.89887584027,110,2309,526,1783
78,78,early_mover,Early Mover,110.298864920898,280.754298949572,1921.40229813483,211,3889,942,2947
78,78,sequential,Sequential,109.169757964341,263.891327925144,1858.80779339974,229,3927,1033,2894
78,78,coordinated,Coordinated,107.443143456723,275.015893927078,1918.29123819748,209,3849,1016,2833
78,78,delayed_coordination,Delayed Coordination,107.289498837871,270.987470092865,1903.7072343462,225,3885,966,2919
79,79,baseline,Baseline,125.260971645592,374.308676069199,2562.35197809865,100,2025,588,1437
79,79,early_mover,Early Mover,125.309451486144,248.460312169492,1706.0330333413,258,4270,1007,3263
79,79,sequential,Sequential,121.180137884685,236.435046127864,1676.14652240363,266,4120,1058,3062
79,79,coordinated,Coordinated,114.565942457785,254.578447080755,1807.120381079,236,3621,954,2667
79,79,delayed_coordination,Delayed Coordination,122.622100785428,237.754756968166,1661.18633867779,262,4264,1066,3198
80,80,baseline,Baseline,121.972860375058,382.804133630701,2522.68162372281,97,1995,453,1542
80,80,early_mover,Early Mover,122.905473660594,232.340824488814,1695.21965315084,255,4377,1141,3236
80,80,sequential,Sequential,123.844514338687,218.288763650782,1570.096301995,290,4407,1195,3212
80,80,coordinated,Coordinated,117.859334447418,247.458555426,1675.15544046987,286,4265,1109,3156
80,80,delayed_coordination,Delayed Coordination,123.30840460385,225.50102190121,1608.86515121727,282,4564,1209,3355
81,81,baseline,Baseline,124.161773878851,370.34615973172,2582.28795750304,85,1955,365,1590
81,81,early_mover,Early Mover,121.73153201101,252.687144474112,1764.42094185659,255,4283,1263,3020
81,81,sequential,Sequential,123.142398123877,227.923811916192,1621.08158893007,280,4342,1332,3010
81,81,coordinated,Coordinated,119.733439622608,250.450159947413,1755.89200617392,268,4199,1225,2974
81,81,delayed_coordination,Delayed Coordination,120.476079648951,232.919370694148,1671.65497800962,269,4341,1292,3049
82,82,baseline,Baseline,125.275086880404,360.585160139149,2446.88526520105,109,2295,395,1900
82,82,early_mover,Early Mover,125.761081021307,244.967196819033,1608.59264436694,264,4547,1343,3204
82,82,sequential,Sequential,119.615633476332,241.690484714168,1619.09073426534,261,4351,1382,2969
82,82,coordinated,Coordinated,116.757868476525,254.764155212225,1666.427240991,260,4305,1383,2922
82,82,delayed_coordination,Delayed Coordination,121.300086325233,234.351098655906,1575.84422251072,278,4574,1396,3178
83,83,baseline,Baseline,123.277085500418,374.808632819193,2489.53603342903,105,2204,451,1753
83,83,early_mover,Early Mover,119.812118959156,278.975039932141,1743.96029265127,248,4337,1023,3314
83,83,sequential,Sequential,115.401405437056,262.020886962239,1722.68667198533,230,4108,1032,3076
83,83,coordinated,Coordinated,116.965407796333,257.535853746621,1799.99960788768,229,4045,953,3092
83,83,delayed_coordination,Delayed Coordination,118.533820892917,258.811480390935,1664.89361222929,228,4232,1046,3186
84,84,baseline,Baseline,122.382220403805,384.611755633274,2494.95503142493,93,1825,511,1314
84,84,early_mover,Early Mover,117.21895041423,316.082448204883,1868.39739433735,224,3617,959,2658
84,84,sequential,Sequential,120.188427497743,250.72101037405,1644.19551378063,269,3838,1074,2764
84,84,coordinated,Coordinated,119.252591706526,234.376769025243,1726.51741873969,261,4094,1166,2928
84,84,delayed_coordination,Delayed Coordination,120.876587352197,236.476250096146,1641.63974349926,259,3890,1092,2798
85,85,baseline,Baseline,124.930595785233,337.809753779667,2437.627732152,121,2308,573,1735
85,85,early_mover,Early Mover,116.60315494339,243.743631689583,1804.5778050273,252,4046,1123,2923
85,85,sequential,Sequential,111.61653658344,242.486360254581,1796.3174471505,212,3823,1092,2731
85,85,coordinated,Coordinated,113.701984594612,247.813823363454,1788.16898622516,226,3982,1155,2827
85,85,delayed_coordination,Delayed Coordination,113.404827815671,239.753015897196,1771.40098086807,237,3969,1132,2837
86,86,baseline,Baseline,124.489326992393,413.496681892735,2632.63421941163,85,1666,416,1250
86,86,early_mover,Early Mover,120.508677469624,287.673103918755,1852.5623068583,255,3706,1018,2688
86,86,sequential,Sequential,114.378213505845,306.915276999738,1870.09412685431,236,3605,1043,2562
86,86,coordinated,Coordinated,112.953924867774,317.351337305861,1935.94525204525,211,3536,1003,2533
86,86,delayed_coordination,Delayed Coordination,117.313058208177,279.194073839854,1810.10887712686,251,3716,1024,2692
87,87,baseline,Baseline,121.418985134136,400.783435125497,2682.01457983065,67,1341,496,845
87,87,early_mover,Early Mover,116.484705234245,291.181586591661,2044.59502613979,206,3185,992,2193
87,87,sequential,Sequential,118.451980962751,264.274392986887,1852.99917589119,240,3418,1121,2297
87,87,coordinated,Coordinated,119.084427098475,252.215737383037,1826.42131367927,245,3670,1116,2554
87,87,delayed_coordination,Delayed Coordination,116.063293359614,277.580719447846,1890.79433790262,237,3339,1080,2259
88,88,baseline,Baseline,123.358877201516,368.297700493625,2524.95541174584,89,1968,619,1349
88,88,early_mover,Early Mover,114.031610897692,276.888773470224,1965.48059575698,196,3456,1073,2383
88,88,sequential,Sequential,113.983653932627,269.448411783347,1863.76629384124,224,3636,1119,2517
88,88,coordinated,Coordinated,113.444971166613,263.265372421963,1889.90702474254,218,3706,1181,2525
88,88,delayed_coordination,Delayed Coordination,111.761516751929,269.222459995245,1913.48024227011,200,3460,1058,2402
89,89,baseline,Baseline,125.161425539448,358.03341690049,2385.98506582655,116,2333,582,1751
89,89,early_mover,Early Mover,116.716458042325,274.525996139353,1746.14412742244,246,4049,1178,2871
89,89,sequential,Sequential,110.24191083062,271.766615959005,1786.59818672074,245,3915,1166,2749
89,89,coordinated,Coordinated,117.589876045476,251.509526716823,1630.2091001369,264,4465,1319,3146
89,89,delayed_coordination,Delayed Coordination,114.887495579205,261.393378953821,1658.7084070735,253,4164,1204,2960
90,90,baseline,Baseline,125.150602127758,390.122755307945,2574.01700730986,98,2086,538,1548
90,90,early_mover,Early Mover,124.239326338134,266.600517423875,1710.70362263743,259,4252,1196,3056
90,90,sequential,Sequential,119.480686348954,262.615430948095,1720.18554878778,253,4058,1213,2845
90,90,coordinated,Coordinated,117.192362506359,275.785903016914,1754.75972897463,244,4078,1111,2967
90,90,delayed_coordination,Delayed Coordination,121.35873355395,257.200875854643,1674.43084872795,257,4223,1118,3105
91,91,baseline,Baseline,124.366945692891,371.848259915583,2595.42635025199,108,2088,709,1379
91,91,early_mover,Early Mover,126.634088426912,273.859540158338,1794.83346469723,253,4387,1147,3240
91,91,sequential,Sequential,122.287923845656,269.80426376753,1776.27555815364,258,4300,1187,3113
91,91,coordinated,Coordinated,127.917300854519,249.281860590835,1674.65648671362,283,4688,1240,3448
91,91,delayed_coordination,Delayed Coordination,122.701632593721,272.535787677571,1777.25667636975,247,4270,1161,3109
92,92,baseline,Baseline,122.459361623281,345.426779138657,2383.87147088819,98,2129,432,1697
92,92,early_mover,Early Mover,117.543807657152,237.114203708288,1752.80308157758,226,3916,874,3042
92,92,sequential,Sequential,114.865131649842,228.92869311577,1704.99198742511,235,3953,930,3023
92,92,coordinated,Coordinated,111.109592143295,242.718280729803,1737.39158084432,225,3855,940,2915
92,92,delayed_coordination,Delayed Coordination,115.996701026231,225.519572343309,1689.63613832408,222,4006,909,3097
93,93,baseline,Baseline,121.822841630677,377.720201571613,2508.69696981082,104,2120,460,1660
93,93,early_mover,Early Mover,120.491839808923,256.530037037867,1745.61090690683,265,4353,1154,3199
93,93,sequential,Sequential,116.166819538629,255.732370979049,1721.68427847271,241,4138,1229,2909
93,93,coordinated,Coordinated,114.422730244053,273.399375603941,1799.30555229492,248,4003,1184,2819
93,93,delayed_coordination,Delayed Coordination,119.206515220401,244.379755670665,1679.63611028797,275,4352,1246,3106
94,94,baseline,Baseline,124.536688118596,380.440820874373,2500.32680469769,90,1852,519,1333
94,94,early_mover,Early Mover,126.631136277787,262.522175649533,1692.85510495483,255,4264,1057,3207
94,94,sequential,Sequential,122.632897040965,257.08666470933,1694.5141560015,258,4267,1159,3108
94,94,coordinated,Coordinated,124.943255449556,258.91111073492,1669.69798650561,261,4326,1198,3128
94,94,delayed_coordination,Delayed Coordination,123.819348790146,260.34267881744,1662.0205420707,260,4319,1140,3179
95,95,baseline,Baseline,127.264144576925,381.937551516144,2498.40150307596,104,2094,636,1458
95,95,early_mover,Early Mover,127.864093556112,252.603054136321,1633.13617250146,284,4514,1215,3299
95,95,sequential,Sequential,126.347526365368,247.398264267453,1581.96999756119,281,4544,1346,3198
95,95,coordinated,Coordinated,120.402533508692,258.863892999346,1718.19407423668,237,4251,1256,2995
95,95,delayed_coordination,Delayed Coordination,129.626825581916,240.019158514166,1549.24146968693,304,4719,1319,3400
96,96,baseline,Baseline,120.88222279939,363.386772031506,2509.15184939891,98,1993,528,1465
96,96,early_mover,Early Mover,119.048813666044,287.063768373575,1821.60897668037,232,3946,1114,2832
96,96,sequential,Sequential,118.115186518354,282.675550502329,1769.82164161219,231,3968,1085,2883
96,96,coordinated,Coordinated,116.645591799776,276.458311330768,1796.02283326552,230,3999,1141,2858
96,96,delayed_coordination,Delayed Coordination,116.701497647288,263.896928771889,1741.54606270961,238,3942,1081,2861
97,97,baseline,Baseline,123.443892012537,342.707249631367,2495.22599334016,117,2461,508,1953
97,97,early_mover,Early Mover,122.338053591317,212.451608119559,1664.06768628071,278,4446,1241,3205
97,97,sequential,Sequential,117.269794974868,207.291825208756,1622.97118869282,271,4365,1255,3110
97,97,coordinated,Coordinated,110.481123486135,252.589210104657,1739.34783113605,239,4008,1166,2842
97,97,delayed_coordination,Delayed Coordination,118.140261416804,207.663804309298,1618.64562374192,263,4270,1296,2974
98,98,baseline,Baseline,122.414644025495,378.254738517727,2396.08950673789,115,2255,587,1668
98,98,early_mover,Early Mover,116.789807963199,298.304924455181,1714.04300687193,250,4068,1133,2935
98,98,sequential,Sequential,115.616563782206,268.907244450951,1680.08774109177,270,4076,1163,2913
98,98,coordinated,Coordinated,115.391059001769,262.325565210558,1633.90759556603,271,4324,1175,3149
98,98,delayed_coordination,Delayed Coordination,116.523546005984,258.429811900926,1648.79392000309,264,4151,1204,2947
99,99,baseline,Baseline,124.131801211366,370.657942371323,2653.91846267098,83,1672,424,1248
99,99,early_mover,Early Mover,126.231206806591,233.105791845694,1725.70795595923,257,4170,1086,3084
99,99,sequential,Sequential,125.753419448229,226.317958415217,1660.02711802142,265,4085,1140,2945
99,99,coordinated,Coordinated,124.061407836279,241.453834521378,1747.40242997901,261,4184,1149,3035
99,99,delayed_coordination,Delayed Coordination,125.680273818408,224.847869872952,1628.05494897425,285,4171,1171,3000
100,100,baseline,Baseline,121.659077184905,364.422206982611,2459.38025859286,112,2253,627,1626
100,100,early_mover,Early Mover,118.468116015034,255.631217092207,1721.27312341213,258,4364,1222,3142
100,100,sequential,Sequential,112.881193724542,252.056162476945,1719.39133277483,238,4104,1204,2900
100,100,coordinated,Coordinated,111.346119170507,236.200134778751,1723.9478600159,242,4159,1115,3044
100,100,delayed_coordination,Delayed Coordination,116.613125981761,228.597308535232,1637.51740921582,262,4316,1187,3129
